day,away_team,road_trip_list,road_trip_distance,,,,,,,,,,,,,,,,game key,Portland,Sacramento,Oakland,LAC,LAL,Phoenix,Utah,Denver,OKC,Dallas,San Antonio,Houston,New Orleans,Memphis,Minneapolis,Boston,Toronto,New York,Philedelphia,Brooklyn,Cleveland,Milwakee,Chicago,Indianapolis,Detroit,Washington,Atlanta,Miami,Charlotte,Orlando,,,"key, new may 15 2021",Portland,Sacramento,Oakland,LAC,LAL,Phoenix,Utah,Denver,OKC,Dallas,San Antonio,Houston,New Orleans,Memphis,Minneapolis,Boston,Toronto,New York,Philedelphia,Brooklyn,Cleveland,Milwakee,Chicago,Indianapolis,Detroit,Washington,Atlanta,Miami,Charlotte,Orlando
1,Boston,"['Boston@Portland', 'Boston@Sacramento', 'Boston@Oakland', 'Boston@LAC', 'Boston@LAL', 'Boston@Phoenix', 'Boston@Utah', 'Boston@Denver', 'Boston@OKC', 'Boston@Dallas', 'Boston@San Antonio', 'Boston@Houston', 'Boston@New Orleans', 'Boston@Memphis', 'Boston@Minneapolis']",8303.67,"[2535.63, 483.96, 68.36, 343.79, 0.0, 357.23, 505.9, 371.0, 504.73, 190.63, 252.72, 189.32, 318.09, 359.58, 700.66, 1122.07]",,,,,,,,,,,,,,,Portland,Portland@Portland,Portland@Sacramento,Portland@Oakland,Portland@LAC,Portland@LAL,Portland@Phoenix,Portland@Utah,Portland@Denver,Portland@OKC,Portland@Dallas,Portland@San Antonio,Portland@Houston,Portland@New Orleans,Portland@Memphis,Portland@Minneapolis,Portland@Boston,Portland@Toronto,Portland@New York,Portland@Philedelphia,Portland@Brooklyn,Portland@Cleveland,Portland@Milwakee,Portland@Chicago,Portland@Indianapolis,Portland@Detroit,Portland@Washington,Portland@Atlanta,Portland@Miami,Portland@Charlotte,Portland@Orlando,,,Portland,,2,2,2,2,1,2,2,2,2,2,2,1,2,2,1,1,1,1,1,1,1,1,1,1,1,1,1,1,1
1,Toronto,"['Toronto@Sacramento', 'Toronto@Oakland', 'Toronto@LAC', 'Toronto@LAL', 'Toronto@Phoenix', 'Toronto@Utah', 'Toronto@Denver', 'Toronto@OKC', 'Toronto@Dallas', 'Toronto@San Antonio', 'Toronto@Houston', 'Toronto@New Orleans', 'Toronto@Memphis', 'Toronto@Minneapolis', 'Toronto@Portland']",9895.63,"[2198.28, 68.36, 343.79, 0.0, 357.23, 505.9, 371.0, 504.73, 190.63, 252.72, 189.32, 318.09, 359.58, 700.66, 1424.7, 2110.64]",,,,,,,,,,,,,,,Sacramento,Sacramento@Portland,Sacramento@Sacramento,Sacramento@Oakland,Sacramento@LAC,Sacramento@LAL,Sacramento@Phoenix,Sacramento@Utah,Sacramento@Denver,Sacramento@OKC,Sacramento@Dallas,Sacramento@San Antonio,Sacramento@Houston,Sacramento@New Orleans,Sacramento@Memphis,Sacramento@Minneapolis,Sacramento@Boston,Sacramento@Toronto,Sacramento@New York,Sacramento@Philedelphia,Sacramento@Brooklyn,Sacramento@Cleveland,Sacramento@Milwakee,Sacramento@Chicago,Sacramento@Indianapolis,Sacramento@Detroit,Sacramento@Washington,Sacramento@Atlanta,Sacramento@Miami,Sacramento@Charlotte,Sacramento@Orlando,,,Sacramento,1,,2,2,2,2,2,2,2,2,1,2,2,2,2,1,1,1,1,1,1,1,1,1,1,1,1,1,1,1
1,New York,"['New York@Oakland', 'New York@LAC', 'New York@LAL', 'New York@Phoenix', 'New York@Utah', 'New York@Denver', 'New York@OKC', 'New York@Dallas', 'New York@San Antonio', 'New York@Houston', 'New York@New Orleans', 'New York@Memphis', 'New York@Minneapolis', 'New York@Portland', 'New York@Sacramento']",11065.13,"[2560.26, 343.79, 0.0, 357.23, 505.9, 371.0, 504.73, 190.63, 252.72, 189.32, 318.09, 359.58, 700.66, 1424.7, 483.96, 2502.56]",,,,,,,,,,,,,,,Oakland,Oakland@Portland,Oakland@Sacramento,Oakland@Oakland,Oakland@LAC,Oakland@LAL,Oakland@Phoenix,Oakland@Utah,Oakland@Denver,Oakland@OKC,Oakland@Dallas,Oakland@San Antonio,Oakland@Houston,Oakland@New Orleans,Oakland@Memphis,Oakland@Minneapolis,Oakland@Boston,Oakland@Toronto,Oakland@New York,Oakland@Philedelphia,Oakland@Brooklyn,Oakland@Cleveland,Oakland@Milwakee,Oakland@Chicago,Oakland@Indianapolis,Oakland@Detroit,Oakland@Washington,Oakland@Atlanta,Oakland@Miami,Oakland@Charlotte,Oakland@Orlando,,,Oakland,2,2,,2,2,2,2,2,1,2,2,2,1,2,2,1,1,1,1,1,1,1,1,1,1,1,1,1,1,1
1,Philedelphia,"['Philedelphia@LAC', 'Philedelphia@LAL', 'Philedelphia@Phoenix', 'Philedelphia@Utah', 'Philedelphia@Denver', 'Philedelphia@OKC', 'Philedelphia@Dallas', 'Philedelphia@San Antonio', 'Philedelphia@Houston', 'Philedelphia@New Orleans', 'Philedelphia@Memphis', 'Philedelphia@Minneapolis', 'Philedelphia@Portland', 'Philedelphia@Sacramento', 'Philedelphia@Oakland']",10629.04,"[2390.88, 0.0, 357.23, 505.9, 371.0, 504.73, 190.63, 252.72, 189.32, 318.09, 359.58, 700.66, 1424.7, 483.96, 68.36, 2511.28]",,,,,,,,,,,,,,,LAC,LAC@Portland,LAC@Sacramento,LAC@Oakland,LAC@LAC,LAC@LAL,LAC@Phoenix,LAC@Utah,LAC@Denver,LAC@OKC,LAC@Dallas,LAC@San Antonio,LAC@Houston,LAC@New Orleans,LAC@Memphis,LAC@Minneapolis,LAC@Boston,LAC@Toronto,LAC@New York,LAC@Philedelphia,LAC@Brooklyn,LAC@Cleveland,LAC@Milwakee,LAC@Chicago,LAC@Indianapolis,LAC@Detroit,LAC@Washington,LAC@Atlanta,LAC@Miami,LAC@Charlotte,LAC@Orlando,,,LAC,2,2,2,,2,2,1,2,2,2,2,1,2,2,2,1,1,1,1,1,1,1,1,1,1,1,1,1,1,1
1,Brooklyn,"['Brooklyn@LAL', 'Brooklyn@Phoenix', 'Brooklyn@Utah', 'Brooklyn@Denver', 'Brooklyn@OKC', 'Brooklyn@Dallas', 'Brooklyn@San Antonio', 'Brooklyn@Houston', 'Brooklyn@New Orleans', 'Brooklyn@Memphis', 'Brooklyn@Minneapolis', 'Brooklyn@Portland', 'Brooklyn@Sacramento', 'Brooklyn@Oakland', 'Brooklyn@LAC']",10967.27,"[2448.3, 357.23, 505.9, 371.0, 504.73, 190.63, 252.72, 189.32, 318.09, 359.58, 700.66, 1424.7, 483.96, 68.36, 343.79, 2448.3]",,,,,,,,,,,,,,,LAL,LAL@Portland,LAL@Sacramento,LAL@Oakland,LAL@LAC,LAL@LAL,LAL@Phoenix,LAL@Utah,LAL@Denver,LAL@OKC,LAL@Dallas,LAL@San Antonio,LAL@Houston,LAL@New Orleans,LAL@Memphis,LAL@Minneapolis,LAL@Boston,LAL@Toronto,LAL@New York,LAL@Philedelphia,LAL@Brooklyn,LAL@Cleveland,LAL@Milwakee,LAL@Chicago,LAL@Indianapolis,LAL@Detroit,LAL@Washington,LAL@Atlanta,LAL@Miami,LAL@Charlotte,LAL@Orlando,,,LAL,2,2,2,2,,2,2,1,2,1,2,2,2,2,2,1,1,1,1,1,1,1,1,1,1,1,1,1,1,1
1,Cleveland,"['Cleveland@Phoenix', 'Cleveland@Utah', 'Cleveland@Denver', 'Cleveland@OKC', 'Cleveland@Dallas', 'Cleveland@San Antonio', 'Cleveland@Houston', 'Cleveland@New Orleans', 'Cleveland@Memphis', 'Cleveland@Minneapolis', 'Cleveland@Portland', 'Cleveland@Sacramento', 'Cleveland@Oakland', 'Cleveland@LAC', 'Cleveland@LAL']",9508.24,"[1747.65, 505.9, 371.0, 504.73, 190.63, 252.72, 189.32, 318.09, 359.58, 700.66, 1424.7, 483.96, 68.36, 343.79, 0.0, 2047.15]",,,,,,,,,,,,,,,Phoenix,Phoenix@Portland,Phoenix@Sacramento,Phoenix@Oakland,Phoenix@LAC,Phoenix@LAL,Phoenix@Phoenix,Phoenix@Utah,Phoenix@Denver,Phoenix@OKC,Phoenix@Dallas,Phoenix@San Antonio,Phoenix@Houston,Phoenix@New Orleans,Phoenix@Memphis,Phoenix@Minneapolis,Phoenix@Boston,Phoenix@Toronto,Phoenix@New York,Phoenix@Philedelphia,Phoenix@Brooklyn,Phoenix@Cleveland,Phoenix@Milwakee,Phoenix@Chicago,Phoenix@Indianapolis,Phoenix@Detroit,Phoenix@Washington,Phoenix@Atlanta,Phoenix@Miami,Phoenix@Charlotte,Phoenix@Orlando,,,Phoenix,2,2,2,2,2,,2,2,2,2,2,2,2,1,1,1,1,1,1,1,1,1,1,1,1,1,1,1,1,1
1,Milwakee,"['Milwakee@Utah', 'Milwakee@Denver', 'Milwakee@OKC', 'Milwakee@Dallas', 'Milwakee@San Antonio', 'Milwakee@Houston', 'Milwakee@New Orleans', 'Milwakee@Memphis', 'Milwakee@Minneapolis', 'Milwakee@Portland', 'Milwakee@Sacramento', 'Milwakee@Oakland', 'Milwakee@LAC', 'Milwakee@LAL', 'Milwakee@Phoenix']",8269.02,"[1240.55, 371.0, 504.73, 190.63, 252.72, 189.32, 318.09, 359.58, 700.66, 1424.7, 483.96, 68.36, 343.79, 0.0, 357.23, 1463.7]",,,,,,,,,,,,,,,Utah,Utah@Portland,Utah@Sacramento,Utah@Oakland,Utah@LAC,Utah@LAL,Utah@Phoenix,Utah@Utah,Utah@Denver,Utah@OKC,Utah@Dallas,Utah@San Antonio,Utah@Houston,Utah@New Orleans,Utah@Memphis,Utah@Minneapolis,Utah@Boston,Utah@Toronto,Utah@New York,Utah@Philedelphia,Utah@Brooklyn,Utah@Cleveland,Utah@Milwakee,Utah@Chicago,Utah@Indianapolis,Utah@Detroit,Utah@Washington,Utah@Atlanta,Utah@Miami,Utah@Charlotte,Utah@Orlando,,,Utah,2,2,1,2,2,2,,2,2,2,1,2,2,2,2,1,1,1,1,1,1,1,1,1,1,1,1,1,1,1
1,Chicago,"['Chicago@Denver', 'Chicago@OKC', 'Chicago@Dallas', 'Chicago@San Antonio', 'Chicago@Houston', 'Chicago@New Orleans', 'Chicago@Memphis', 'Chicago@Minneapolis', 'Chicago@Portland', 'Chicago@Sacramento', 'Chicago@Oakland', 'Chicago@LAC', 'Chicago@LAL', 'Chicago@Phoenix', 'Chicago@Utah']",7877.44,"[919.23, 504.73, 190.63, 252.72, 189.32, 318.09, 359.58, 700.66, 1424.7, 483.96, 68.36, 343.79, 0.0, 357.23, 505.9, 1258.54]",,,,,,,,,,,,,,,Denver,Denver@Portland,Denver@Sacramento,Denver@Oakland,Denver@LAC,Denver@LAL,Denver@Phoenix,Denver@Utah,Denver@Denver,Denver@OKC,Denver@Dallas,Denver@San Antonio,Denver@Houston,Denver@New Orleans,Denver@Memphis,Denver@Minneapolis,Denver@Boston,Denver@Toronto,Denver@New York,Denver@Philedelphia,Denver@Brooklyn,Denver@Cleveland,Denver@Milwakee,Denver@Chicago,Denver@Indianapolis,Denver@Detroit,Denver@Washington,Denver@Atlanta,Denver@Miami,Denver@Charlotte,Denver@Orlando,,,Denver,2,1,2,2,2,2,2,,2,1,2,2,2,2,2,1,1,1,1,1,1,1,1,1,1,1,1,1,1,1
1,Indianapolis,"['Indianapolis@OKC', 'Indianapolis@Dallas', 'Indianapolis@San Antonio', 'Indianapolis@Houston', 'Indianapolis@New Orleans', 'Indianapolis@Memphis', 'Indianapolis@Minneapolis', 'Indianapolis@Portland', 'Indianapolis@Sacramento', 'Indianapolis@Oakland', 'Indianapolis@LAC', 'Indianapolis@LAL', 'Indianapolis@Phoenix', 'Indianapolis@Utah', 'Indianapolis@Denver']",7254.61,"[689.06, 190.63, 252.72, 189.32, 318.09, 359.58, 700.66, 1424.7, 483.96, 68.36, 343.79, 0.0, 357.23, 505.9, 371.0, 999.61]",,,,,,,,,,,,,,,OKC,OKC@Portland,OKC@Sacramento,OKC@Oakland,OKC@LAC,OKC@LAL,OKC@Phoenix,OKC@Utah,OKC@Denver,OKC@OKC,OKC@Dallas,OKC@San Antonio,OKC@Houston,OKC@New Orleans,OKC@Memphis,OKC@Minneapolis,OKC@Boston,OKC@Toronto,OKC@New York,OKC@Philedelphia,OKC@Brooklyn,OKC@Cleveland,OKC@Milwakee,OKC@Chicago,OKC@Indianapolis,OKC@Detroit,OKC@Washington,OKC@Atlanta,OKC@Miami,OKC@Charlotte,OKC@Orlando,,,OKC,2,2,2,2,1,2,2,2,,2,2,2,2,1,2,1,1,1,1,1,1,1,1,1,1,1,1,1,1,1
1,Detroit,"['Detroit@Dallas', 'Detroit@San Antonio', 'Detroit@Houston', 'Detroit@New Orleans', 'Detroit@Memphis', 'Detroit@Minneapolis', 'Detroit@Portland', 'Detroit@Sacramento', 'Detroit@Oakland', 'Detroit@LAC', 'Detroit@LAL', 'Detroit@Phoenix', 'Detroit@Utah', 'Detroit@Denver', 'Detroit@OKC']",7790.81,"[1000.38, 252.72, 189.32, 318.09, 359.58, 700.66, 1424.7, 483.96, 68.36, 343.79, 0.0, 357.23, 505.9, 371.0, 504.73, 910.39]",,,,,,,,,,,,,,,Dallas,Dallas@Portland,Dallas@Sacramento,Dallas@Oakland,Dallas@LAC,Dallas@LAL,Dallas@Phoenix,Dallas@Utah,Dallas@Denver,Dallas@OKC,Dallas@Dallas,Dallas@San Antonio,Dallas@Houston,Dallas@New Orleans,Dallas@Memphis,Dallas@Minneapolis,Dallas@Boston,Dallas@Toronto,Dallas@New York,Dallas@Philedelphia,Dallas@Brooklyn,Dallas@Cleveland,Dallas@Milwakee,Dallas@Chicago,Dallas@Indianapolis,Dallas@Detroit,Dallas@Washington,Dallas@Atlanta,Dallas@Miami,Dallas@Charlotte,Dallas@Orlando,,,Dallas,2,1,2,2,2,2,2,2,2,,2,2,2,2,1,1,1,1,1,1,1,1,1,1,1,1,1,1,1,1
1,Washington,"['Washington@San Antonio', 'Washington@Houston', 'Washington@New Orleans', 'Washington@Memphis', 'Washington@Minneapolis', 'Washington@Portland', 'Washington@Sacramento', 'Washington@Oakland', 'Washington@LAC', 'Washington@LAL', 'Washington@Phoenix', 'Washington@Utah', 'Washington@Denver', 'Washington@OKC', 'Washington@Dallas']",8388.55,"[1387.27, 189.32, 318.09, 359.58, 700.66, 1424.7, 483.96, 68.36, 343.79, 0.0, 357.23, 505.9, 371.0, 504.73, 190.63, 1183.33]",,,,,,,,,,,,,,,San Antonio,San Antonio@Portland,San Antonio@Sacramento,San Antonio@Oakland,San Antonio@LAC,San Antonio@LAL,San Antonio@Phoenix,San Antonio@Utah,San Antonio@Denver,San Antonio@OKC,San Antonio@Dallas,San Antonio@San Antonio,San Antonio@Houston,San Antonio@New Orleans,San Antonio@Memphis,San Antonio@Minneapolis,San Antonio@Boston,San Antonio@Toronto,San Antonio@New York,San Antonio@Philedelphia,San Antonio@Brooklyn,San Antonio@Cleveland,San Antonio@Milwakee,San Antonio@Chicago,San Antonio@Indianapolis,San Antonio@Detroit,San Antonio@Washington,San Antonio@Atlanta,San Antonio@Miami,San Antonio@Charlotte,San Antonio@Orlando,,,San Antonio,2,2,1,2,2,2,2,2,1,2,,2,2,2,2,1,1,1,1,1,1,1,1,1,1,1,1,1,1,1
1,Atlanta,"['Atlanta@Houston', 'Atlanta@New Orleans', 'Atlanta@Memphis', 'Atlanta@Minneapolis', 'Atlanta@Portland', 'Atlanta@Sacramento', 'Atlanta@Oakland', 'Atlanta@LAC', 'Atlanta@LAL', 'Atlanta@Phoenix', 'Atlanta@Utah', 'Atlanta@Denver', 'Atlanta@OKC', 'Atlanta@Dallas', 'Atlanta@San Antonio']",7465.62,"[701.86, 318.09, 359.58, 700.66, 1424.7, 483.96, 68.36, 343.79, 0.0, 357.23, 505.9, 371.0, 504.73, 190.63, 252.72, 882.41]",,,,,,,,,,,,,,,Houston,Houston@Portland,Houston@Sacramento,Houston@Oakland,Houston@LAC,Houston@LAL,Houston@Phoenix,Houston@Utah,Houston@Denver,Houston@OKC,Houston@Dallas,Houston@San Antonio,Houston@Houston,Houston@New Orleans,Houston@Memphis,Houston@Minneapolis,Houston@Boston,Houston@Toronto,Houston@New York,Houston@Philedelphia,Houston@Brooklyn,Houston@Cleveland,Houston@Milwakee,Houston@Chicago,Houston@Indianapolis,Houston@Detroit,Houston@Washington,Houston@Atlanta,Houston@Miami,Houston@Charlotte,Houston@Orlando,,,Houston,1,2,2,2,2,1,2,2,2,2,2,,2,2,2,1,1,1,1,1,1,1,1,1,1,1,1,1,1,1
1,Miami,"['Miami@New Orleans', 'Miami@Memphis', 'Miami@Minneapolis', 'Miami@Portland', 'Miami@Sacramento', 'Miami@Oakland', 'Miami@LAC', 'Miami@LAL', 'Miami@Phoenix', 'Miami@Utah', 'Miami@Denver', 'Miami@OKC', 'Miami@Dallas', 'Miami@San Antonio', 'Miami@Houston']",7390.74,"[669.73, 359.58, 700.66, 1424.7, 483.96, 68.36, 343.79, 0.0, 357.23, 505.9, 371.0, 504.73, 190.63, 252.72, 189.32, 968.43]",,,,,,,,,,,,,,,New Orleans,New Orleans@Portland,New Orleans@Sacramento,New Orleans@Oakland,New Orleans@LAC,New Orleans@LAL,New Orleans@Phoenix,New Orleans@Utah,New Orleans@Denver,New Orleans@OKC,New Orleans@Dallas,New Orleans@San Antonio,New Orleans@Houston,New Orleans@New Orleans,New Orleans@Memphis,New Orleans@Minneapolis,New Orleans@Boston,New Orleans@Toronto,New Orleans@New York,New Orleans@Philedelphia,New Orleans@Brooklyn,New Orleans@Cleveland,New Orleans@Milwakee,New Orleans@Chicago,New Orleans@Indianapolis,New Orleans@Detroit,New Orleans@Washington,New Orleans@Atlanta,New Orleans@Miami,New Orleans@Charlotte,New Orleans@Orlando,,,New Orleans,2,2,2,1,2,2,1,2,2,2,2,2,,2,2,1,1,1,1,1,1,1,1,1,1,1,1,1,1,1
1,Charlotte,"['Charlotte@Memphis', 'Charlotte@Minneapolis', 'Charlotte@Portland', 'Charlotte@Sacramento', 'Charlotte@Oakland', 'Charlotte@LAC', 'Charlotte@LAL', 'Charlotte@Phoenix', 'Charlotte@Utah', 'Charlotte@Denver', 'Charlotte@OKC', 'Charlotte@Dallas', 'Charlotte@San Antonio', 'Charlotte@Houston', 'Charlotte@New Orleans']",6880.81,"[520.25, 700.66, 1424.7, 483.96, 68.36, 343.79, 0.0, 357.23, 505.9, 371.0, 504.73, 190.63, 252.72, 189.32, 318.09, 649.47]",,,,,,,,,,,,,,,Memphis,Memphis@Portland,Memphis@Sacramento,Memphis@Oakland,Memphis@LAC,Memphis@LAL,Memphis@Phoenix,Memphis@Utah,Memphis@Denver,Memphis@OKC,Memphis@Dallas,Memphis@San Antonio,Memphis@Houston,Memphis@New Orleans,Memphis@Memphis,Memphis@Minneapolis,Memphis@Boston,Memphis@Toronto,Memphis@New York,Memphis@Philedelphia,Memphis@Brooklyn,Memphis@Cleveland,Memphis@Milwakee,Memphis@Chicago,Memphis@Indianapolis,Memphis@Detroit,Memphis@Washington,Memphis@Atlanta,Memphis@Miami,Memphis@Charlotte,Memphis@Orlando,,,Memphis,2,2,2,2,1,2,2,1,2,2,2,2,2,,2,1,1,1,1,1,1,1,1,1,1,1,1,1,1,1
1,Orlando,"['Orlando@Minneapolis', 'Orlando@Portland', 'Orlando@Sacramento', 'Orlando@Oakland', 'Orlando@LAC', 'Orlando@LAL', 'Orlando@Phoenix', 'Orlando@Utah', 'Orlando@Denver', 'Orlando@OKC', 'Orlando@Dallas', 'Orlando@San Antonio', 'Orlando@Houston', 'Orlando@New Orleans', 'Orlando@Memphis']",7364.89,"[1310.86, 1424.7, 483.96, 68.36, 343.79, 0.0, 357.23, 505.9, 371.0, 504.73, 190.63, 252.72, 189.32, 318.09, 359.58, 684.02]",,,,,,,,,,,,,,,Minneapolis,Minneapolis@Portland,Minneapolis@Sacramento,Minneapolis@Oakland,Minneapolis@LAC,Minneapolis@LAL,Minneapolis@Phoenix,Minneapolis@Utah,Minneapolis@Denver,Minneapolis@OKC,Minneapolis@Dallas,Minneapolis@San Antonio,Minneapolis@Houston,Minneapolis@New Orleans,Minneapolis@Memphis,Minneapolis@Minneapolis,Minneapolis@Boston,Minneapolis@Toronto,Minneapolis@New York,Minneapolis@Philedelphia,Minneapolis@Brooklyn,Minneapolis@Cleveland,Minneapolis@Milwakee,Minneapolis@Chicago,Minneapolis@Indianapolis,Minneapolis@Detroit,Minneapolis@Washington,Minneapolis@Atlanta,Minneapolis@Miami,Minneapolis@Charlotte,Minneapolis@Orlando,,,Minneapolis,2,2,2,1,2,2,2,2,2,2,2,1,2,2,,1,1,1,1,1,1,1,1,1,1,1,1,1,1,1
31,Portland,"['Portland@Boston', 'Portland@Toronto', 'Portland@New York', 'Portland@Philedelphia', 'Portland@Brooklyn', 'Portland@Cleveland', 'Portland@Milwakee', 'Portland@Chicago', 'Portland@Indianapolis', 'Portland@Detroit', 'Portland@Washington', 'Portland@Atlanta', 'Portland@Miami', 'Portland@Charlotte', 'Portland@Orlando']",9888.26,"[2535.63, 430.26, 342.42, 80.63, 80.63, 404.26, 335.23, 81.52, 165.01, 240.36, 394.34, 542.9, 607.07, 655.87, 463.73, 2528.4]",,,,,,,,,,,,,,,Boston,Boston@Portland,Boston@Sacramento,Boston@Oakland,Boston@LAC,Boston@LAL,Boston@Phoenix,Boston@Utah,Boston@Denver,Boston@OKC,Boston@Dallas,Boston@San Antonio,Boston@Houston,Boston@New Orleans,Boston@Memphis,Boston@Minneapolis,Boston@Boston,Boston@Toronto,Boston@New York,Boston@Philedelphia,Boston@Brooklyn,Boston@Cleveland,Boston@Milwakee,Boston@Chicago,Boston@Indianapolis,Boston@Detroit,Boston@Washington,Boston@Atlanta,Boston@Miami,Boston@Charlotte,Boston@Orlando,,,Boston,1,1,1,1,1,1,1,1,1,1,1,1,1,1,1,,2,2,2,2,2,1,2,2,2,2,2,2,2,1
31,Sacramento,"['Sacramento@Toronto', 'Sacramento@New York', 'Sacramento@Philedelphia', 'Sacramento@Brooklyn', 'Sacramento@Cleveland', 'Sacramento@Milwakee', 'Sacramento@Chicago', 'Sacramento@Indianapolis', 'Sacramento@Detroit', 'Sacramento@Washington', 'Sacramento@Atlanta', 'Sacramento@Miami', 'Sacramento@Charlotte', 'Sacramento@Orlando', 'Sacramento@Boston']",10337.11,"[2198.28, 342.42, 80.63, 80.63, 404.26, 335.23, 81.52, 165.01, 240.36, 394.34, 542.9, 607.07, 655.87, 463.73, 1117.04, 2627.82]",,,,,,,,,,,,,,,Toronto,Toronto@Portland,Toronto@Sacramento,Toronto@Oakland,Toronto@LAC,Toronto@LAL,Toronto@Phoenix,Toronto@Utah,Toronto@Denver,Toronto@OKC,Toronto@Dallas,Toronto@San Antonio,Toronto@Houston,Toronto@New Orleans,Toronto@Memphis,Toronto@Minneapolis,Toronto@Boston,Toronto@Toronto,Toronto@New York,Toronto@Philedelphia,Toronto@Brooklyn,Toronto@Cleveland,Toronto@Milwakee,Toronto@Chicago,Toronto@Indianapolis,Toronto@Detroit,Toronto@Washington,Toronto@Atlanta,Toronto@Miami,Toronto@Charlotte,Toronto@Orlando,,,Toronto,1,1,1,1,1,1,1,1,1,1,1,1,1,1,1,2,,2,2,2,2,2,2,1,2,2,2,2,1,2
31,Oakland,"['Oakland@New York', 'Oakland@Philedelphia', 'Oakland@Brooklyn', 'Oakland@Cleveland', 'Oakland@Milwakee', 'Oakland@Chicago', 'Oakland@Indianapolis', 'Oakland@Detroit', 'Oakland@Washington', 'Oakland@Atlanta', 'Oakland@Miami', 'Oakland@Charlotte', 'Oakland@Orlando', 'Oakland@Boston', 'Oakland@Toronto', 'Oakland@Memphis', 'Oakland@LAC']",10922.44,"[2560.26, 80.63, 80.63, 404.26, 335.23, 81.52, 165.01, 240.36, 394.34, 542.9, 607.07, 655.87, 463.73, 1117.04, 430.26, 817.8, 1601.74, 343.79]",,,,,,,,,,,,,,,New York,New York@Portland,New York@Sacramento,New York@Oakland,New York@LAC,New York@LAL,New York@Phoenix,New York@Utah,New York@Denver,New York@OKC,New York@Dallas,New York@San Antonio,New York@Houston,New York@New Orleans,New York@Memphis,New York@Minneapolis,New York@Boston,New York@Toronto,New York@New York,New York@Philedelphia,New York@Brooklyn,New York@Cleveland,New York@Milwakee,New York@Chicago,New York@Indianapolis,New York@Detroit,New York@Washington,New York@Atlanta,New York@Miami,New York@Charlotte,New York@Orlando,,,New York,1,1,1,1,1,1,1,1,1,1,1,1,1,1,1,2,2,,2,2,2,2,1,2,2,2,2,1,2,2
31,LAC,"['LAC@Philedelphia', 'LAC@Brooklyn', 'LAC@Cleveland', 'LAC@Milwakee', 'LAC@Chicago', 'LAC@Indianapolis', 'LAC@Detroit', 'LAC@Washington', 'LAC@Atlanta', 'LAC@Miami', 'LAC@Charlotte', 'LAC@Orlando', 'LAC@Boston', 'LAC@Toronto', 'LAC@New York', 'LAC@Phoenix']",10750.97,"[2390.88, 80.63, 404.26, 335.23, 81.52, 165.01, 240.36, 394.34, 542.9, 607.07, 655.87, 463.73, 1117.04, 430.26, 342.42, 2142.22, 357.23]",,,,,,,,,,,,,,,Philedelphia,Philedelphia@Portland,Philedelphia@Sacramento,Philedelphia@Oakland,Philedelphia@LAC,Philedelphia@LAL,Philedelphia@Phoenix,Philedelphia@Utah,Philedelphia@Denver,Philedelphia@OKC,Philedelphia@Dallas,Philedelphia@San Antonio,Philedelphia@Houston,Philedelphia@New Orleans,Philedelphia@Memphis,Philedelphia@Minneapolis,Philedelphia@Boston,Philedelphia@Toronto,Philedelphia@New York,Philedelphia@Philedelphia,Philedelphia@Brooklyn,Philedelphia@Cleveland,Philedelphia@Milwakee,Philedelphia@Chicago,Philedelphia@Indianapolis,Philedelphia@Detroit,Philedelphia@Washington,Philedelphia@Atlanta,Philedelphia@Miami,Philedelphia@Charlotte,Philedelphia@Orlando,,,Philedelphia,1,1,1,1,1,1,1,1,1,1,1,1,1,1,1,2,2,2,,2,1,2,2,2,2,1,2,2,2,2
31,LAL,"['LAL@Brooklyn', 'LAL@Cleveland', 'LAL@Milwakee', 'LAL@Chicago', 'LAL@Indianapolis', 'LAL@Detroit', 'LAL@Washington', 'LAL@Atlanta', 'LAL@Miami', 'LAL@Charlotte', 'LAL@Orlando', 'LAL@Boston', 'LAL@Toronto', 'LAL@New York', 'LAL@Philedelphia']",10699.82,"[2448.3, 404.26, 335.23, 81.52, 165.01, 240.36, 394.34, 542.9, 607.07, 655.87, 463.73, 1117.04, 430.26, 342.42, 80.63, 2390.88]",,,,,,,,,,,,,,,Brooklyn,Brooklyn@Portland,Brooklyn@Sacramento,Brooklyn@Oakland,Brooklyn@LAC,Brooklyn@LAL,Brooklyn@Phoenix,Brooklyn@Utah,Brooklyn@Denver,Brooklyn@OKC,Brooklyn@Dallas,Brooklyn@San Antonio,Brooklyn@Houston,Brooklyn@New Orleans,Brooklyn@Memphis,Brooklyn@Minneapolis,Brooklyn@Boston,Brooklyn@Toronto,Brooklyn@New York,Brooklyn@Philedelphia,Brooklyn@Brooklyn,Brooklyn@Cleveland,Brooklyn@Milwakee,Brooklyn@Chicago,Brooklyn@Indianapolis,Brooklyn@Detroit,Brooklyn@Washington,Brooklyn@Atlanta,Brooklyn@Miami,Brooklyn@Charlotte,Brooklyn@Orlando,,,Brooklyn,1,1,1,1,1,1,1,1,1,1,1,1,1,1,1,2,2,2,2,,2,2,2,2,1,2,1,2,2,2
31,Phoenix,"['Phoenix@Cleveland', 'Phoenix@Milwakee', 'Phoenix@Chicago', 'Phoenix@Indianapolis', 'Phoenix@Detroit', 'Phoenix@Washington', 'Phoenix@Atlanta', 'Phoenix@Miami', 'Phoenix@Charlotte', 'Phoenix@Orlando', 'Phoenix@Boston', 'Phoenix@Toronto', 'Phoenix@New York', 'Phoenix@Philedelphia', 'Phoenix@Brooklyn', 'LAL@Utah', 'Phoenix@LAL']",10192.05,"[1747.65, 335.23, 81.52, 165.01, 240.36, 394.34, 542.9, 607.07, 655.87, 463.73, 1117.04, 430.26, 342.42, 80.63, 80.63, 1969.87, 580.29, 357.23]",,,,,,,,,,,,,,,Cleveland,Cleveland@Portland,Cleveland@Sacramento,Cleveland@Oakland,Cleveland@LAC,Cleveland@LAL,Cleveland@Phoenix,Cleveland@Utah,Cleveland@Denver,Cleveland@OKC,Cleveland@Dallas,Cleveland@San Antonio,Cleveland@Houston,Cleveland@New Orleans,Cleveland@Memphis,Cleveland@Minneapolis,Cleveland@Boston,Cleveland@Toronto,Cleveland@New York,Cleveland@Philedelphia,Cleveland@Brooklyn,Cleveland@Cleveland,Cleveland@Milwakee,Cleveland@Chicago,Cleveland@Indianapolis,Cleveland@Detroit,Cleveland@Washington,Cleveland@Atlanta,Cleveland@Miami,Cleveland@Charlotte,Cleveland@Orlando,,,Cleveland,1,1,1,1,1,1,1,1,1,1,1,1,1,1,1,2,2,1,2,2,,2,2,2,2,2,1,2,2,2
31,Utah,"['Utah@Milwakee', 'Utah@Chicago', 'Utah@Indianapolis', 'Utah@Detroit', 'Utah@Washington', 'Utah@Atlanta', 'Utah@Miami', 'Utah@Charlotte', 'Utah@Orlando', 'Utah@Boston', 'Utah@Toronto', 'Utah@New York', 'Utah@Philedelphia', 'Utah@Brooklyn', 'Utah@Cleveland']",8412.66,"[1240.55, 81.52, 165.01, 240.36, 394.34, 542.9, 607.07, 655.87, 463.73, 1117.04, 430.26, 342.42, 80.63, 80.63, 404.26, 1566.07]",,,,,,,,,,,,,,,Milwakee,Milwakee@Portland,Milwakee@Sacramento,Milwakee@Oakland,Milwakee@LAC,Milwakee@LAL,Milwakee@Phoenix,Milwakee@Utah,Milwakee@Denver,Milwakee@OKC,Milwakee@Dallas,Milwakee@San Antonio,Milwakee@Houston,Milwakee@New Orleans,Milwakee@Memphis,Milwakee@Minneapolis,Milwakee@Boston,Milwakee@Toronto,Milwakee@New York,Milwakee@Philedelphia,Milwakee@Brooklyn,Milwakee@Cleveland,Milwakee@Milwakee,Milwakee@Chicago,Milwakee@Indianapolis,Milwakee@Detroit,Milwakee@Washington,Milwakee@Atlanta,Milwakee@Miami,Milwakee@Charlotte,Milwakee@Orlando,,,Milwakee,1,1,1,1,1,1,1,1,1,1,1,1,1,1,1,2,2,2,1,2,2,,2,2,2,2,2,2,2,1
31,Denver,"['Denver@Chicago', 'Denver@Indianapolis', 'Denver@Detroit', 'Denver@Washington', 'Denver@Atlanta', 'Denver@Miami', 'Denver@Charlotte', 'Denver@Orlando', 'Denver@Boston', 'Denver@Toronto', 'Denver@New York', 'Denver@Philedelphia', 'Denver@Brooklyn', 'Denver@Cleveland', 'Denver@Milwakee', 'Denver@Minneapolis', 'Denver@Minneapolis']",7776.63,"[919.23, 165.01, 240.36, 394.34, 542.9, 607.07, 655.87, 463.73, 1117.04, 430.26, 342.42, 80.63, 80.63, 404.26, 335.23, 298.34, 0.0, 699.31]",,,,,,,,,,,,,,,Chicago,Chicago@Portland,Chicago@Sacramento,Chicago@Oakland,Chicago@LAC,Chicago@LAL,Chicago@Phoenix,Chicago@Utah,Chicago@Denver,Chicago@OKC,Chicago@Dallas,Chicago@San Antonio,Chicago@Houston,Chicago@New Orleans,Chicago@Memphis,Chicago@Minneapolis,Chicago@Boston,Chicago@Toronto,Chicago@New York,Chicago@Philedelphia,Chicago@Brooklyn,Chicago@Cleveland,Chicago@Milwakee,Chicago@Chicago,Chicago@Indianapolis,Chicago@Detroit,Chicago@Washington,Chicago@Atlanta,Chicago@Miami,Chicago@Charlotte,Chicago@Orlando,,,Chicago,1,1,1,1,1,1,1,1,1,1,1,1,1,1,1,1,2,2,2,2,2,2,,2,2,2,2,1,2,2
31,OKC,"['OKC@Indianapolis', 'OKC@Detroit', 'OKC@Washington', 'OKC@Atlanta', 'OKC@Miami', 'OKC@Charlotte', 'OKC@Orlando', 'OKC@Boston', 'OKC@Toronto', 'OKC@New York', 'OKC@Philedelphia', 'OKC@Brooklyn', 'OKC@Cleveland', 'OKC@Milwakee', 'OKC@Chicago']",7158.53,"[689.06, 240.36, 394.34, 542.9, 607.07, 655.87, 463.73, 1117.04, 430.26, 342.42, 80.63, 80.63, 404.26, 335.23, 81.52, 693.21]",,,,,,,,,,,,,,,Indianapolis,Indianapolis@Portland,Indianapolis@Sacramento,Indianapolis@Oakland,Indianapolis@LAC,Indianapolis@LAL,Indianapolis@Phoenix,Indianapolis@Utah,Indianapolis@Denver,Indianapolis@OKC,Indianapolis@Dallas,Indianapolis@San Antonio,Indianapolis@Houston,Indianapolis@New Orleans,Indianapolis@Memphis,Indianapolis@Minneapolis,Indianapolis@Boston,Indianapolis@Toronto,Indianapolis@New York,Indianapolis@Philedelphia,Indianapolis@Brooklyn,Indianapolis@Cleveland,Indianapolis@Milwakee,Indianapolis@Chicago,Indianapolis@Indianapolis,Indianapolis@Detroit,Indianapolis@Washington,Indianapolis@Atlanta,Indianapolis@Miami,Indianapolis@Charlotte,Indianapolis@Orlando,,,Indianapolis,1,1,1,1,1,1,1,1,1,1,1,1,1,1,1,2,2,2,2,1,2,2,2,,2,2,2,2,1,2
31,Dallas,"['Dallas@Detroit', 'Dallas@Washington', 'Dallas@Atlanta', 'Dallas@Miami', 'Dallas@Charlotte', 'Dallas@Orlando', 'Dallas@Boston', 'Dallas@Toronto', 'Dallas@New York', 'Dallas@Philedelphia', 'Dallas@Brooklyn', 'Dallas@Cleveland', 'Dallas@Milwakee', 'Dallas@Chicago', 'Dallas@Indianapolis', 'Dallas@San Antonio']",7954.73,"[1000.38, 394.34, 542.9, 607.07, 655.87, 463.73, 1117.04, 430.26, 342.42, 80.63, 80.63, 404.26, 335.23, 81.52, 165.01, 1000.72, 252.72]",,,,,,,,,,,,,,,Detroit,Detroit@Portland,Detroit@Sacramento,Detroit@Oakland,Detroit@LAC,Detroit@LAL,Detroit@Phoenix,Detroit@Utah,Detroit@Denver,Detroit@OKC,Detroit@Dallas,Detroit@San Antonio,Detroit@Houston,Detroit@New Orleans,Detroit@Memphis,Detroit@Minneapolis,Detroit@Boston,Detroit@Toronto,Detroit@New York,Detroit@Philedelphia,Detroit@Brooklyn,Detroit@Cleveland,Detroit@Milwakee,Detroit@Chicago,Detroit@Indianapolis,Detroit@Detroit,Detroit@Washington,Detroit@Atlanta,Detroit@Miami,Detroit@Charlotte,Detroit@Orlando,,,Detroit,1,1,1,1,1,1,1,1,1,1,1,1,1,1,1,2,1,2,2,2,2,2,2,2,,1,2,2,2,2
31,San Antonio,"['San Antonio@Washington', 'San Antonio@Atlanta', 'San Antonio@Miami', 'San Antonio@Charlotte', 'San Antonio@Orlando', 'San Antonio@Boston', 'San Antonio@Toronto', 'San Antonio@New York', 'San Antonio@Philedelphia', 'San Antonio@Brooklyn', 'San Antonio@Cleveland', 'San Antonio@Milwakee', 'San Antonio@Chicago', 'San Antonio@Indianapolis', 'San Antonio@Detroit']",8173.95,"[1387.27, 542.9, 607.07, 655.87, 463.73, 1117.04, 430.26, 342.42, 80.63, 80.63, 404.26, 335.23, 81.52, 165.01, 240.36, 1239.75]",,,,,,,,,,,,,,,Washington,Washington@Portland,Washington@Sacramento,Washington@Oakland,Washington@LAC,Washington@LAL,Washington@Phoenix,Washington@Utah,Washington@Denver,Washington@OKC,Washington@Dallas,Washington@San Antonio,Washington@Houston,Washington@New Orleans,Washington@Memphis,Washington@Minneapolis,Washington@Boston,Washington@Toronto,Washington@New York,Washington@Philedelphia,Washington@Brooklyn,Washington@Cleveland,Washington@Milwakee,Washington@Chicago,Washington@Indianapolis,Washington@Detroit,Washington@Washington,Washington@Atlanta,Washington@Miami,Washington@Charlotte,Washington@Orlando,,,Washington,1,1,1,1,1,1,1,1,1,1,1,1,1,1,1,1,2,2,2,2,2,1,2,2,2,,2,2,2,2
31,Houston,"['Houston@Atlanta', 'Houston@Miami', 'Houston@Charlotte', 'Houston@Orlando', 'Houston@Boston', 'Houston@Toronto', 'Houston@New York', 'Houston@Philedelphia', 'Houston@Brooklyn', 'Houston@Cleveland', 'Houston@Milwakee', 'Houston@Chicago', 'Houston@Indianapolis', 'Houston@Detroit', 'Houston@Washington', 'Houston@OKC', 'Houston@San Antonio', 'Houston@San Antonio']",7862.17,"[701.86, 607.07, 655.87, 463.73, 1117.04, 430.26, 342.42, 80.63, 80.63, 404.26, 335.23, 81.52, 165.01, 240.36, 394.34, 1150.73, 421.89, 0.0, 189.32]",,,,,,,,,,,,,,,Atlanta,Atlanta@Portland,Atlanta@Sacramento,Atlanta@Oakland,Atlanta@LAC,Atlanta@LAL,Atlanta@Phoenix,Atlanta@Utah,Atlanta@Denver,Atlanta@OKC,Atlanta@Dallas,Atlanta@San Antonio,Atlanta@Houston,Atlanta@New Orleans,Atlanta@Memphis,Atlanta@Minneapolis,Atlanta@Boston,Atlanta@Toronto,Atlanta@New York,Atlanta@Philedelphia,Atlanta@Brooklyn,Atlanta@Cleveland,Atlanta@Milwakee,Atlanta@Chicago,Atlanta@Indianapolis,Atlanta@Detroit,Atlanta@Washington,Atlanta@Atlanta,Atlanta@Miami,Atlanta@Charlotte,Atlanta@Orlando,,,Atlanta,1,1,1,1,1,1,1,1,1,1,1,1,1,1,1,2,1,2,2,2,2,2,2,2,1,2,,2,2,2
31,New Orleans,"['New Orleans@Miami', 'New Orleans@Charlotte', 'New Orleans@Orlando', 'New Orleans@Boston', 'New Orleans@Toronto', 'New Orleans@New York', 'New Orleans@Philedelphia', 'New Orleans@Brooklyn', 'New Orleans@Cleveland', 'New Orleans@Milwakee', 'New Orleans@Chicago', 'New Orleans@Indianapolis', 'New Orleans@Detroit', 'New Orleans@Washington', 'New Orleans@Atlanta', 'New Orleans@Portland', 'New Orleans@Sacramento', 'New Orleans@Oakland', 'New Orleans@LAC', 'New Orleans@LAL', 'New Orleans@Phoenix']",10743.12,"[669.73, 655.87, 463.73, 1117.04, 430.26, 342.42, 80.63, 80.63, 404.26, 335.23, 81.52, 165.01, 240.36, 394.34, 542.9, 2171.18, 483.96, 68.36, 343.79, 0.0, 357.23, 1314.67]",,,,,,,,,,,,,,,Miami,Miami@Portland,Miami@Sacramento,Miami@Oakland,Miami@LAC,Miami@LAL,Miami@Phoenix,Miami@Utah,Miami@Denver,Miami@OKC,Miami@Dallas,Miami@San Antonio,Miami@Houston,Miami@New Orleans,Miami@Memphis,Miami@Minneapolis,Miami@Boston,Miami@Toronto,Miami@New York,Miami@Philedelphia,Miami@Brooklyn,Miami@Cleveland,Miami@Milwakee,Miami@Chicago,Miami@Indianapolis,Miami@Detroit,Miami@Washington,Miami@Atlanta,Miami@Miami,Miami@Charlotte,Miami@Orlando,,,Miami,1,1,1,1,1,1,1,1,1,1,1,1,1,1,1,2,2,2,1,2,2,2,2,1,2,2,2,,2,2
31,Memphis,"['Memphis@Charlotte', 'Memphis@Orlando', 'Memphis@Boston', 'Memphis@Toronto', 'Memphis@New York', 'Memphis@Philedelphia', 'Memphis@Brooklyn', 'Memphis@Cleveland', 'Memphis@Milwakee', 'Memphis@Chicago', 'Memphis@Indianapolis', 'Memphis@Detroit', 'Memphis@Washington', 'Memphis@Atlanta', 'Memphis@Miami']",6680.48,"[520.25, 463.73, 1117.04, 430.26, 342.42, 80.63, 80.63, 404.26, 335.23, 81.52, 165.01, 240.36, 394.34, 542.9, 607.07, 874.83]",,,,,,,,,,,,,,,Charlotte,Charlotte@Portland,Charlotte@Sacramento,Charlotte@Oakland,Charlotte@LAC,Charlotte@LAL,Charlotte@Phoenix,Charlotte@Utah,Charlotte@Denver,Charlotte@OKC,Charlotte@Dallas,Charlotte@San Antonio,Charlotte@Houston,Charlotte@New Orleans,Charlotte@Memphis,Charlotte@Minneapolis,Charlotte@Boston,Charlotte@Toronto,Charlotte@New York,Charlotte@Philedelphia,Charlotte@Brooklyn,Charlotte@Cleveland,Charlotte@Milwakee,Charlotte@Chicago,Charlotte@Indianapolis,Charlotte@Detroit,Charlotte@Washington,Charlotte@Atlanta,Charlotte@Miami,Charlotte@Charlotte,Charlotte@Orlando,,,Charlotte,1,1,1,1,1,1,1,1,1,1,1,1,1,1,1,2,2,1,2,2,2,2,1,2,2,2,2,2,,2
31,Minneapolis,"['Minneapolis@Orlando', 'Minneapolis@Boston', 'Minneapolis@Toronto', 'Minneapolis@New York', 'Minneapolis@Philedelphia', 'Minneapolis@Brooklyn', 'Minneapolis@Cleveland', 'Minneapolis@Milwakee', 'Minneapolis@Chicago', 'Minneapolis@Indianapolis', 'Minneapolis@Detroit', 'Minneapolis@Washington', 'Minneapolis@Atlanta', 'Minneapolis@Miami', 'Minneapolis@Charlotte']",7728.01,"[1310.86, 1117.04, 430.26, 342.42, 80.63, 80.63, 404.26, 335.23, 81.52, 165.01, 240.36, 394.34, 542.9, 607.07, 655.87, 939.61]",,,,,,,,,,,,,,,Orlando,Orlando@Portland,Orlando@Sacramento,Orlando@Oakland,Orlando@LAC,Orlando@LAL,Orlando@Phoenix,Orlando@Utah,Orlando@Denver,Orlando@OKC,Orlando@Dallas,Orlando@San Antonio,Orlando@Houston,Orlando@New Orleans,Orlando@Memphis,Orlando@Minneapolis,Orlando@Boston,Orlando@Toronto,Orlando@New York,Orlando@Philedelphia,Orlando@Brooklyn,Orlando@Cleveland,Orlando@Milwakee,Orlando@Chicago,Orlando@Indianapolis,Orlando@Detroit,Orlando@Washington,Orlando@Atlanta,Orlando@Miami,Orlando@Charlotte,Orlando@Orlando,,,Orlando,1,1,1,1,1,1,1,1,1,1,1,1,1,1,1,2,2,2,2,1,1,2,2,2,2,2,2,2,2,
61,New York,['New York@Brooklyn'],0,"[0.0, 0.0]",,,,,,,,,,,,,,,,,,,,,,,,,,,,,,,,,,,,,,,,,,,,,,,,,,,,,,,,,,,,,,,,,,,,,,,,,,,,,,
61,Philedelphia,"['Philedelphia@Toronto', 'Philedelphia@Toronto', 'Philedelphia@Atlanta', 'Philedelphia@Miami', 'Philedelphia@Charlotte', 'Philedelphia@Orlando', 'Philedelphia@Atlanta', 'Philedelphia@Miami', 'Philedelphia@Charlotte', 'Philedelphia@Orlando']",5792.38,"[335.8, 0.0, 736.06, 607.07, 655.87, 463.73, 401.98, 607.07, 655.87, 463.73, 865.2]",,,,,,,,,,,,,,,,,,,,,,,,,,,,,,,,,,,,,,,,,,,,,,,,,,,,,,,,,,,,,,,,,,,,,,,,,,,,,,
61,Cleveland,"['Cleveland@Chicago', 'Cleveland@Indianapolis', 'Cleveland@Detroit', 'Cleveland@Washington']",1411.74,"[307.65, 165.01, 240.36, 394.34, 304.38]",,,,,,,,,,,,,,,count in outupt,,,,,,,,,,,,,,,,,,,,,,,,,,,,,,,,,,,,,,,,,,,,,,,,,,,,,,,,,,,,,,,
61,Milwakee,['Milwakee@Boston'],1712.58,"[856.29, 856.29]",,,,,,,,,,,,,,,,Portland,Sacramento,Oakland,LAC,LAL,Phoenix,Utah,Denver,OKC,Dallas,San Antonio,Houston,New Orleans,Memphis,Minneapolis,Boston,Toronto,New York,Philedelphia,Brooklyn,Cleveland,Milwakee,Chicago,Indianapolis,Detroit,Washington,Atlanta,Miami,Charlotte,Orlando,,,CHECK,Portland,Sacramento,Oakland,LAC,LAL,Phoenix,Utah,Denver,OKC,Dallas,San Antonio,Houston,New Orleans,Memphis,Minneapolis,Boston,Toronto,New York,Philedelphia,Brooklyn,Cleveland,Milwakee,Chicago,Indianapolis,Detroit,Washington,Atlanta,Miami,Charlotte,Orlando
61,Washington,"['Washington@Orlando', 'Washington@Atlanta']",1704.1,"[759.22, 401.98, 542.9]",,,,,,,,,,,,,,,Portland,0,2,2,2,2,1,2,2,2,2,2,2,1,2,2,1,1,1,1,1,1,1,1,1,1,1,1,1,1,1,,,Portland,same,same,same,same,same,same,same,same,same,same,same,same,same,same,same,same,same,same,same,same,same,same,same,same,same,same,same,same,same,same
61,Miami,['Miami@Detroit'],2315.12,"[1157.56, 1157.56]",,,,,,,,,,,,,,,Sacramento,1,0,2,2,2,2,2,2,2,2,1,2,2,2,2,1,1,1,1,1,1,1,1,1,1,1,1,1,1,1,,,Sacramento,same,same,same,same,same,same,same,same,same,same,same,same,same,same,same,same,same,same,same,same,same,same,same,same,same,same,same,same,same,same
61,Charlotte,['Charlotte@Indianapolis'],856.98,"[428.49, 428.49]",,,,,,,,,,,,,,,Oakland,2,2,0,2,2,2,2,2,1,2,2,2,1,2,2,1,1,1,1,1,1,1,1,1,1,1,1,1,1,1,,,Oakland,same,same,same,same,same,same,same,same,same,same,same,same,same,same,same,same,same,same,same,same,same,same,same,same,same,same,same,same,same,same
63,Portland,"['Portland@Utah', 'Portland@Denver', 'Portland@OKC', 'Portland@Dallas', 'Portland@San Antonio', 'Portland@Houston']",3979.69,"[635.46, 371.0, 504.73, 190.63, 252.72, 189.32, 1835.83]",,,,,,,,,,,,,,,LAC,2,2,2,0,2,2,1,2,2,2,2,1,2,2,2,1,1,1,1,1,1,1,1,1,1,1,1,1,1,1,,,LAC,same,same,same,same,same,same,same,same,same,same,same,same,same,same,same,same,same,same,same,same,same,same,same,same,same,same,same,same,same,same
63,Memphis,"['Memphis@OKC', 'Memphis@Dallas', 'Memphis@San Antonio', 'Memphis@Houston']",1539.66,"[421.99, 190.63, 252.72, 189.32, 485.0]",,,,,,,,,,,,,,,LAL,2,2,2,2,0,2,2,1,2,1,2,2,2,2,2,1,1,1,1,1,1,1,1,1,1,1,1,1,1,1,,,LAL,same,same,same,same,same,same,same,same,same,same,same,same,same,same,same,same,same,same,same,same,same,same,same,same,same,same,same,same,same,same
63,Boston,['Boston@New York'],380.84,"[190.42, 190.42]",,,,,,,,,,,,,,,Phoenix,2,2,2,2,2,0,2,2,2,2,2,2,2,1,1,1,1,1,1,1,1,1,1,1,1,1,1,1,1,1,,,Phoenix,same,same,same,same,same,same,same,same,same,same,same,same,same,same,same,same,same,same,same,same,same,same,same,same,same,same,same,same,same,same
63,Brooklyn,"['Brooklyn@Miami', 'Brooklyn@Charlotte', 'Brooklyn@Orlando', 'Brooklyn@Boston', 'Brooklyn@Cleveland', 'Brooklyn@Milwakee', 'Brooklyn@Chicago', 'Brooklyn@Indianapolis', 'Brooklyn@Detroit', 'Brooklyn@Washington']",5300.62,"[1093.57, 655.87, 463.73, 1117.04, 550.17, 335.23, 81.52, 165.01, 240.36, 394.34, 203.78]",,,,,,,,,,,,,,,Utah,2,2,1,2,2,2,0,2,2,2,1,2,2,2,2,1,1,1,1,1,1,1,1,1,1,1,1,1,1,1,,,Utah,same,same,same,same,same,same,same,same,same,same,same,same,same,same,same,same,same,same,same,same,same,same,same,same,same,same,same,same,same,same
63,Chicago,"['Chicago@Indianapolis', 'Chicago@Detroit', 'Chicago@Washington', 'Chicago@Atlanta', 'Chicago@Charlotte']",2157.24,"[165.01, 240.36, 394.34, 542.9, 226.47, 588.16]",,,,,,,,,,,,,,,Denver,2,1,2,2,2,2,2,0,2,1,2,2,2,2,2,1,1,1,1,1,1,1,1,1,1,1,1,1,1,1,,,Denver,same,same,same,same,same,same,same,same,same,same,same,same,same,same,same,same,same,same,same,same,same,same,same,same,same,same,same,same,same,same
63,Detroit,['Detroit@Charlotte'],1011.02,"[505.51, 505.51]",,,,,,,,,,,,,,,OKC,2,2,2,2,1,2,2,2,0,2,2,2,2,1,2,1,1,1,1,1,1,1,1,1,1,1,1,1,1,1,,,OKC,same,same,same,same,same,same,same,same,same,same,same,same,same,same,same,same,same,same,same,same,same,same,same,same,same,same,same,same,same,same
63,Orlando,['Orlando@Milwakee'],2133.8,"[1066.9, 1066.9]",,,,,,,,,,,,,,,Dallas,2,1,2,2,2,2,2,2,2,0,2,2,2,2,1,1,1,1,1,1,1,1,1,1,1,1,1,1,1,1,,,Dallas,same,same,same,same,same,same,same,same,same,same,same,same,same,same,same,same,same,same,same,same,same,same,same,same,same,same,same,same,same,same
65,Sacramento,['Sacramento@LAL'],723.7,"[361.85, 361.85]",,,,,,,,,,,,,,,San Antonio,2,2,1,2,2,2,2,2,1,2,0,2,2,2,2,1,1,1,1,1,1,1,1,1,1,1,1,1,1,1,,,San Antonio,same,same,same,same,same,same,same,same,same,same,same,same,same,same,same,same,same,same,same,same,same,same,same,same,same,same,same,same,same,same
65,Utah,"['Utah@LAC', 'Utah@LAL', 'Utah@Phoenix', 'Utah@Denver', 'Utah@OKC', 'Utah@Dallas']",3219.08,"[580.29, 0.0, 357.23, 586.2, 504.73, 190.63, 1000.0]",,,,,,,,,,,,,,,Houston,1,2,2,2,2,1,2,2,2,2,2,0,2,2,2,1,1,1,1,1,1,1,1,1,1,1,1,1,1,1,,,Houston,same,same,same,same,same,same,same,same,same,same,same,same,same,same,same,same,same,same,same,same,same,same,same,same,same,same,same,same,same,same
65,Minneapolis,"['Minneapolis@OKC', 'Minneapolis@Dallas', 'Minneapolis@San Antonio', 'Minneapolis@Houston', 'Minneapolis@New Orleans', 'Minneapolis@Memphis']",2705.82,"[694.82, 190.63, 252.72, 189.32, 318.09, 359.58, 700.66]",,,,,,,,,,,,,,,New Orleans,2,2,2,1,2,2,1,2,2,2,2,2,0,2,2,1,1,1,1,1,1,1,1,1,1,1,1,1,1,1,,,New Orleans,same,same,same,same,same,same,same,same,same,same,same,same,same,same,same,same,same,same,same,same,same,same,same,same,same,same,same,same,same,same
65,Toronto,['Toronto@Milwakee'],861.3,"[430.65, 430.65]",,,,,,,,,,,,,,,Memphis,2,2,2,2,1,2,2,1,2,2,2,2,2,0,2,1,1,1,1,1,1,1,1,1,1,1,1,1,1,1,,,Memphis,same,same,same,same,same,same,same,same,same,same,same,same,same,same,same,same,same,same,same,same,same,same,same,same,same,same,same,same,same,same
65,New York,"['New York@Orlando', 'New York@Boston', 'New York@Toronto', 'New York@Milwakee', 'New York@Chicago', 'New York@Indianapolis', 'New York@Detroit', 'New York@Washington', 'New York@Atlanta', 'New York@Philedelphia']",5088.92,"[940.0, 1117.04, 430.26, 430.65, 81.52, 165.01, 240.36, 394.34, 542.9, 666.21, 80.63]",,,,,,,,,,,,,,,Minneapolis,2,2,2,1,2,2,2,2,2,2,2,1,2,2,0,1,1,1,1,1,1,1,1,1,1,1,1,1,1,1,,,Minneapolis,same,same,same,same,same,same,same,same,same,same,same,same,same,same,same,same,same,same,same,same,same,same,same,same,same,same,same,same,same,same
65,Miami,['Miami@Washington'],1855.22,"[927.61, 927.61]",,,,,,,,,,,,,,,Boston,1,1,1,1,1,1,1,1,1,1,1,1,1,1,1,0,2,2,2,2,2,1,2,2,2,2,2,2,2,1,,,Boston,same,same,same,same,same,same,same,same,same,same,same,same,same,same,same,same,same,same,same,same,same,same,same,same,same,same,same,same,same,same
67,Oakland,"['Oakland@Sacramento', 'Oakland@Dallas', 'Oakland@San Antonio', 'Oakland@Houston', 'Oakland@New Orleans', 'Oakland@Memphis', 'Oakland@Minneapolis']",4903.32,"[68.36, 1439.59, 252.72, 189.32, 318.09, 359.58, 700.66, 1575.0]",,,,,,,,,,,,,,,Toronto,1,1,1,1,1,1,1,1,1,1,1,1,1,1,1,2,0,2,2,2,2,2,2,1,2,2,2,2,1,2,,,Toronto,same,same,same,same,same,same,same,same,same,same,same,same,same,same,same,same,same,same,same,same,same,same,same,same,same,same,same,same,same,same
67,Denver,['Denver@Phoenix'],1172.4,"[586.2, 586.2]",,,,,,,,,,,,,,,New York,1,1,1,1,1,1,1,1,1,1,1,1,1,1,1,2,2,0,2,2,2,2,1,2,2,2,2,1,2,2,,,New York,same,same,same,same,same,same,same,same,same,same,same,same,same,same,same,same,same,same,same,same,same,same,same,same,same,same,same,same,same,same
67,Milwakee,['Milwakee@Toronto'],861.3,"[430.65, 430.65]",,,,,,,,,,,,,,,Philedelphia,1,1,1,1,1,1,1,1,1,1,1,1,1,1,1,2,2,2,0,2,1,2,2,2,2,1,2,2,2,2,,,Philedelphia,same,same,same,same,same,same,same,same,same,same,same,same,same,same,same,same,same,same,same,same,same,same,same,same,same,same,same,same,same,same
67,Atlanta,['Atlanta@Charlotte'],452.94,"[226.47, 226.47]",,,,,,,,,,,,,,,Brooklyn,1,1,1,1,1,1,1,1,1,1,1,1,1,1,1,2,2,2,2,0,2,2,2,2,1,2,1,2,2,2,,,Brooklyn,same,same,same,same,same,same,same,same,same,same,same,same,same,same,same,same,same,same,same,same,same,same,same,same,same,same,same,same,same,same
69,LAC,['LAC@Sacramento'],723.7,"[361.85, 361.85]",,,,,,,,,,,,,,,Cleveland,1,1,1,1,1,1,1,1,1,1,1,1,1,1,1,2,2,1,2,2,0,2,2,2,2,2,1,2,2,2,,,Cleveland,same,same,same,same,same,same,same,same,same,same,same,same,same,same,same,same,same,same,same,same,same,same,same,same,same,same,same,same,same,same
69,OKC,['OKC@Denver'],1009.46,"[504.73, 504.73]",,,,,,,,,,,,,,,Milwakee,1,1,1,1,1,1,1,1,1,1,1,1,1,1,1,2,2,2,1,2,2,0,2,2,2,2,2,2,2,1,,,Milwakee,same,same,same,same,same,same,same,same,same,same,same,same,same,same,same,same,same,same,same,same,same,same,same,same,same,same,same,same,same,same
69,Indianapolis,['Indianapolis@Orlando'],1646.38,"[823.19, 823.19]",,,,,,,,,,,,,,,Chicago,1,1,1,1,1,1,1,1,1,1,1,1,1,1,1,1,2,2,2,2,2,2,0,2,2,2,2,1,2,2,,,Chicago,same,same,same,same,same,same,same,same,same,same,same,same,same,same,same,same,same,same,same,same,same,same,same,same,same,same,same,same,same,same
69,Detroit,['Detroit@Miami'],2315.12,"[1157.56, 1157.56]",,,,,,,,,,,,,,,Indianapolis,1,1,1,1,1,1,1,1,1,1,1,1,1,1,1,2,2,2,2,1,2,2,2,0,2,2,2,2,1,2,,,Indianapolis,same,same,same,same,same,same,same,same,same,same,same,same,same,same,same,same,same,same,same,same,same,same,same,same,same,same,same,same,same,same
71,Sacramento,"['Sacramento@LAC', 'Sacramento@LAL', 'Sacramento@Phoenix', 'Sacramento@Utah', 'Sacramento@Denver', 'Sacramento@OKC']",3438.35,"[361.85, 0.0, 357.23, 505.9, 371.0, 504.73, 1337.64]",,,,,,,,,,,,,,,Detroit,1,1,1,1,1,1,1,1,1,1,1,1,1,1,1,2,1,2,2,2,2,2,2,2,0,1,2,2,2,2,,,Detroit,same,same,same,same,same,same,same,same,same,same,same,same,same,same,same,same,same,same,same,same,same,same,same,same,same,same,same,same,same,same
71,LAL,['LAL@OKC'],2359.52,"[1179.76, 1179.76]",,,,,,,,,,,,,,,Washington,1,1,1,1,1,1,1,1,1,1,1,1,1,1,1,1,2,2,2,2,2,1,2,2,2,0,2,2,2,2,,,Washington,same,same,same,same,same,same,same,same,same,same,same,same,same,same,same,same,same,same,same,same,same,same,same,same,same,same,same,same,same,same
71,Boston,"['Boston@Indianapolis', 'Boston@Detroit', 'Boston@Washington', 'Boston@Atlanta', 'Boston@Miami', 'Boston@Charlotte', 'Boston@Chicago']",4684.66,"[806.44, 240.36, 394.34, 542.9, 607.07, 655.87, 588.16, 849.52]",,,,,,,,,,,,,,,Atlanta,1,1,1,1,1,1,1,1,1,1,1,1,1,1,1,2,1,2,2,2,2,2,2,2,1,2,0,2,2,2,,,Atlanta,same,same,same,same,same,same,same,same,same,same,same,same,same,same,same,same,same,same,same,same,same,same,same,same,same,same,same,same,same,same
71,Toronto,"['Toronto@Detroit', 'Toronto@Washington', 'Toronto@Atlanta', 'Toronto@Miami', 'Toronto@Charlotte', 'Toronto@Orlando', 'Toronto@Orlando']",3921.87,"[206.61, 394.34, 542.9, 607.07, 655.87, 463.73, 0.0, 1051.35]",,,,,,,,,,,,,,,Miami,1,1,1,1,1,1,1,1,1,1,1,1,1,1,1,2,2,2,1,2,2,2,2,1,2,2,2,0,2,2,,,Miami,same,same,same,same,same,same,same,same,same,same,same,same,same,same,same,same,same,same,same,same,same,same,same,same,same,same,same,same,same,same
71,Washington,['Washington@Miami'],1855.22,"[927.61, 927.61]",,,,,,,,,,,,,,,Charlotte,1,1,1,1,1,1,1,1,1,1,1,1,1,1,1,2,2,1,2,2,2,2,1,2,2,2,2,2,0,2,,,Charlotte,same,same,same,same,same,same,same,same,same,same,same,same,same,same,same,same,same,same,same,same,same,same,same,same,same,same,same,same,same,same
73,Phoenix,['Phoenix@LAC'],714.46,"[357.23, 357.23]",,,,,,,,,,,,,,,Orlando,1,1,1,1,1,1,1,1,1,1,1,1,1,1,1,2,2,2,2,1,1,2,2,2,2,2,2,2,2,0,,,Orlando,same,same,same,same,same,same,same,same,same,same,same,same,same,same,same,same,same,same,same,same,same,same,same,same,same,same,same,same,same,same
73,Denver,"['Denver@Memphis', 'Denver@Portland']",3708.57,"[878.44, 1847.9, 982.23]",,,,,,,,,,,,,,,,,,,,,,,,,,,,,,,,,,,,,,,,,,,,,,,,,,,,,,,,,,,,,,,,,,,,,,,,,,,,,,
73,Cleveland,"['Cleveland@Indianapolis', 'Cleveland@Detroit', 'Cleveland@Washington', 'Cleveland@Atlanta', 'Cleveland@Miami', 'Cleveland@Charlotte', 'Cleveland@Philedelphia', 'Cleveland@Orlando']",4916.64,"[263.08, 240.36, 394.34, 542.9, 607.07, 655.87, 451.12, 865.2, 896.7]",,,,,,,,,,,,,,,,,,,,,,,,,,,,,,,,,,,,,,,,,,,,,,,,,,,,,,,,,,,,,,,,,,,,,,,,,,,,,,
73,Charlotte,['Charlotte@Orlando'],927.46,"[463.73, 463.73]",,,,,,,,,,,,,,,,,,,,,,,,,,,,,,,,,,,,,,,,,,,,,,,,,,,,,,,,,,,,,,,,,,,,,,,,,,,,,,
75,LAL,"['LAL@LAC', 'LAL@San Antonio', 'LAL@Houston', 'LAL@New Orleans', 'LAL@Memphis', 'LAL@Minneapolis', 'LAL@Portland']",5022.62,"[0.0, 1202.93, 189.32, 318.09, 359.58, 700.66, 1424.7, 827.34]",,,,,,,,,,,,,,,,,,,,,,,,,,,,,,,,,,,,,,,,,,,,,,,,,,,,,,,,,,,,,,,,,,,,,,,,,,,,,,
75,San Antonio,['San Antonio@New Orleans'],1014.58,"[507.29, 507.29]",,,,,,,,,,,,,,,,,,,,,,,,,,,,,,,,,,,,,,,,,,,,,,,,,,,,,,,,,,,,,,,,,,,,,,,,,,,,,,
75,Milwakee,"['Milwakee@Orlando', 'Milwakee@Chicago']",2135.72,"[1066.9, 987.3, 81.52]",,,,,,,,,,,,,,,,,,,,,,,,,,,,,,,,,,,,,,,,,,,,,,,,,,,,,,,,,,,,,,,,,,,,,,,,,,,,,,
77,LAC,"['LAC@Portland', 'LAC@New Orleans', 'LAC@Memphis', 'LAC@Minneapolis', 'LAC@Portland']",6202.02,"[827.34, 2062.4, 359.58, 700.66, 1424.7, 827.34]",,,,,,,,,,,,,,,,,,,,,,,,,,,,,,,,,,,,,,,,,,,,,,,,,,,,,,,,,,,,,,,,,,,,,,,,,,,,,,
77,Phoenix,"['Phoenix@OKC', 'Phoenix@Dallas', 'Phoenix@San Antonio', 'Phoenix@Houston', 'Phoenix@New Orleans', 'Phoenix@Memphis', 'Phoenix@New Orleans']",3825.73,"[841.14, 190.63, 252.72, 189.32, 318.09, 359.58, 359.58, 1314.67]",,,,,,,,,,,,,,,,,,,,,,,,,,,,,,,,,,,,,,,,,,,,,,,,,,,,,,,,,,,,,,,,,,,,,,,,,,,,,,
77,Dallas,['Dallas@Houston'],450.08,"[225.04, 225.04]",,,,,,,,,,,,,,,,,,,,,,,,,,,,,,,,,,,,,,,,,,,,,,,,,,,,,,,,,,,,,,,,,,,,,,,,,,,,,,
77,Memphis,['Memphis@Minneapolis'],1401.32,"[700.66, 700.66]",,,,,,,,,,,,,,,,,,,,,,,,,,,,,,,,,,,,,,,,,,,,,,,,,,,,,,,,,,,,,,,,,,,,,,,,,,,,,,
79,OKC,['OKC@Utah'],1724.62,"[862.31, 862.31]",,,,,,,,,,,,,,,,,,,,,,,,,,,,,,,,,,,,,,,,,,,,,,,,,,,,,,,,,,,,,,,,,,,,,,,,,,,,,,
79,San Antonio,['San Antonio@Minneapolis'],2226.24,"[1113.12, 1113.12]",,,,,,,,,,,,,,,,,,,,,,,,,,,,,,,,,,,,,,,,,,,,,,,,,,,,,,,,,,,,,,,,,,,,,,,,,,,,,,
79,Indianapolis,"['Indianapolis@Milwakee', 'Indianapolis@Chicago', 'Indianapolis@Miami', 'Indianapolis@Chicago', 'Indianapolis@Milwakee']",3035.88,"[243.72, 81.52, 1192.7, 1192.7, 81.52, 243.72]",,,,,,,,,,,,,,,,,,,,,,,,,,,,,,,,,,,,,,,,,,,,,,,,,,,,,,,,,,,,,,,,,,,,,,,,,,,,,,
81,Utah,"['Utah@Portland', 'Utah@Sacramento', 'Utah@Oakland', 'Utah@LAC', 'Utah@LAL', 'Utah@Phoenix']",2394.7,"[635.46, 483.96, 68.36, 343.79, 0.0, 357.23, 505.9]",,,,,,,,,,,,,,,,,,,,,,,,,,,,,,,,,,,,,,,,,,,,,,,,,,,,,,,,,,,,,,,,,,,,,,,,,,,,,,
81,Dallas,"['Dallas@Denver', 'Dallas@Portland', 'Dallas@Sacramento', 'Dallas@Oakland', 'Dallas@LAC', 'Dallas@LAL', 'Dallas@Phoenix', 'Dallas@Utah']",4404.79,"[663.32, 982.23, 483.96, 68.36, 343.79, 0.0, 357.23, 505.9, 1000.0]",,,,,,,,,,,,,,,,,,,,,,,,,,,,,,,,,,,,,,,,,,,,,,,,,,,,,,,,,,,,,,,,,,,,,,,,,,,,,,
81,Detroit,['Detroit@Milwakee'],503.82,"[251.91, 251.91]",,,,,,,,,,,,,,,,,,,,,,,,,,,,,,,,,,,,,,,,,,,,,,,,,,,,,,,,,,,,,,,,,,,,,,,,,,,,,,
83,Denver,['Denver@OKC'],1009.46,"[504.73, 504.73]",,,,,,,,,,,,,,,,,,,,,,,,,,,,,,,,,,,,,,,,,,,,,,,,,,,,,,,,,,,,,,,,,,,,,,,,,,,,,,
83,New Orleans,['New Orleans@San Antonio'],1014.58,"[507.29, 507.29]",,,,,,,,,,,,,,,,,,,,,,,,,,,,,,,,,,,,,,,,,,,,,,,,,,,,,,,,,,,,,,,,,,,,,,,,,,,,,,
83,Milwakee,['Milwakee@Brooklyn'],1465.72,"[732.86, 732.86]",,,,,,,,,,,,,,,,,,,,,,,,,,,,,,,,,,,,,,,,,,,,,,,,,,,,,,,,,,,,,,,,,,,,,,,,,,,,,,
83,Washington,"['Washington@Detroit', 'Washington@Boston', 'Washington@Toronto', 'Washington@New York', 'Washington@Philedelphia', 'Washington@Brooklyn', 'Washington@Cleveland', 'Washington@Toronto', 'Washington@New York', 'Washington@Philedelphia', 'Washington@Brooklyn', 'Washington@Cleveland', 'Washington@Milwakee', 'Washington@Chicago']",4453.6,"[394.34, 612.31, 430.26, 342.42, 80.63, 80.63, 404.26, 189.87, 342.42, 80.63, 80.63, 404.26, 335.23, 81.52, 594.19]",,,,,,,,,,,,,,,,,,,,,,,,,,,,,,,,,,,,,,,,,,,,,,,,,,,,,,,,,,,,,,,,,,,,,,,,,,,,,,
83,Atlanta,['Atlanta@Miami'],1214.14,"[607.07, 607.07]",,,,,,,,,,,,,,,,,,,,,,,,,,,,,,,,,,,,,,,,,,,,,,,,,,,,,,,,,,,,,,,,,,,,,,,,,,,,,,
85,OKC,"['OKC@Memphis', 'OKC@Minneapolis', 'OKC@Portland', 'OKC@Sacramento', 'OKC@Oakland', 'OKC@LAC']",4623.22,"[421.99, 700.66, 1424.7, 483.96, 68.36, 343.79, 1179.76]",,,,,,,,,,,,,,,,,,,,,,,,,,,,,,,,,,,,,,,,,,,,,,,,,,,,,,,,,,,,,,,,,,,,,,,,,,,,,,
85,San Antonio,"['San Antonio@Houston', 'San Antonio@New Orleans', 'San Antonio@Memphis', 'San Antonio@Minneapolis', 'San Antonio@Portland', 'San Antonio@Sacramento']",4933.93,"[189.32, 318.09, 359.58, 700.66, 1424.7, 483.96, 1457.62]",,,,,,,,,,,,,,,,,,,,,,,,,,,,,,,,,,,,,,,,,,,,,,,,,,,,,,,,,,,,,,,,,,,,,,,,,,,,,,
85,Brooklyn,['Brooklyn@Milwakee'],1465.72,"[732.86, 732.86]",,,,,,,,,,,,,,,,,,,,,,,,,,,,,,,,,,,,,,,,,,,,,,,,,,,,,,,,,,,,,,,,,,,,,,,,,,,,,,
85,Chicago,['Chicago@Orlando'],1974.6,"[987.3, 987.3]",,,,,,,,,,,,,,,,,,,,,,,,,,,,,,,,,,,,,,,,,,,,,,,,,,,,,,,,,,,,,,,,,,,,,,,,,,,,,,
85,Detroit,"['Detroit@New York', 'Detroit@Philedelphia', 'Detroit@Brooklyn', 'Detroit@Cleveland', 'Detroit@Milwakee', 'Detroit@Chicago', 'Detroit@Boston', 'Detroit@Boston', 'Detroit@Toronto', 'Detroit@New York', 'Detroit@Philedelphia', 'Detroit@Brooklyn', 'Detroit@Cleveland', 'Detroit@Indianapolis', 'Detroit@Washington']",4799.88,"[481.1, 80.63, 80.63, 404.26, 335.23, 81.52, 849.52, 0.0, 430.26, 342.42, 80.63, 80.63, 404.26, 263.08, 491.37, 394.34]",,,,,,,,,,,,,,,,,,,,,,,,,,,,,,,,,,,,,,,,,,,,,,,,,,,,,,,,,,,,,,,,,,,,,,,,,,,,,,
85,Charlotte,"['Charlotte@Atlanta', 'Charlotte@Boston', 'Charlotte@Toronto', 'Charlotte@Philedelphia', 'Charlotte@Brooklyn', 'Charlotte@Cleveland']",2850.8,"[226.47, 937.08, 430.26, 335.8, 80.63, 404.26, 436.3]",,,,,,,,,,,,,,,,,,,,,,,,,,,,,,,,,,,,,,,,,,,,,,,,,,,,,,,,,,,,,,,,,,,,,,,,,,,,,,
87,Houston,"['Houston@Denver', 'Houston@Sacramento', 'Houston@Oakland', 'Houston@LAC', 'Houston@LAL', 'Houston@Phoenix', 'Houston@Utah']",4242.59,"[879.38, 887.53, 68.36, 343.79, 0.0, 357.23, 505.9, 1200.4]",,,,,,,,,,,,,,,,,,,,,,,,,,,,,,,,,,,,,,,,,,,,,,,,,,,,,,,,,,,,,,,,,,,,,,,,,,,,,,
87,Atlanta,"['Atlanta@Milwakee', 'Atlanta@Chicago', 'Atlanta@Indianapolis', 'Atlanta@New York', 'Atlanta@Philedelphia', 'Atlanta@Brooklyn', 'Atlanta@Cleveland', 'Atlanta@Milwakee', 'Atlanta@Chicago', 'Atlanta@Boston', 'Atlanta@Toronto', 'Atlanta@New York', 'Atlanta@Philedelphia', 'Atlanta@Brooklyn', 'Atlanta@Cleveland']",5287.03,"[670.13, 81.52, 165.01, 644.43, 80.63, 80.63, 404.26, 335.23, 81.52, 849.52, 430.26, 342.42, 80.63, 80.63, 404.26, 555.95]",,,,,,,,,,,,,,,,,,,,,,,,,,,,,,,,,,,,,,,,,,,,,,,,,,,,,,,,,,,,,,,,,,,,,,,,,,,,,,
87,Miami,"['Miami@Brooklyn', 'Miami@Cleveland', 'Miami@Milwakee', 'Miami@Chicago', 'Miami@Orlando']",3107.37,"[1093.57, 404.26, 335.23, 81.52, 987.3, 205.49]",,,,,,,,,,,,,,,,,,,,,,,,,,,,,,,,,,,,,,,,,,,,,,,,,,,,,,,,,,,,,,,,,,,,,,,,,,,,,,
89,Denver,"['Denver@Oakland', 'Denver@LAC', 'Denver@LAL']",2114.56,"[939.99, 343.79, 0.0, 830.78]",,,,,,,,,,,,,,,,,,,,,,,,,,,,,,,,,,,,,,,,,,,,,,,,,,,,,,,,,,,,,,,,,,,,,,,,,,,,,,
89,Boston,"['Boston@Philedelphia', 'Boston@Brooklyn', 'Boston@Cleveland']",1306.05,"[270.99, 80.63, 404.26, 550.17]",,,,,,,,,,,,,,,,,,,,,,,,,,,,,,,,,,,,,,,,,,,,,,,,,,,,,,,,,,,,,,,,,,,,,,,,,,,,,,
91,New Orleans,"['New Orleans@Portland', 'New Orleans@Sacramento', 'New Orleans@Oakland', 'New Orleans@LAL']",4629.79,"[2062.4, 483.96, 68.36, 343.79, 1671.28]",,,,,,,,,,,,,,,,,,,,,,,,,,,,,,,,,,,,,,,,,,,,,,,,,,,,,,,,,,,,,,,,,,,,,,,,,,,,,,
91,Orlando,['Orlando@Chicago'],1974.6,"[987.3, 987.3]",,,,,,,,,,,,,,,,,,,,,,,,,,,,,,,,,,,,,,,,,,,,,,,,,,,,,,,,,,,,,,,,,,,,,,,,,,,,,,
93,Memphis,"['Memphis@Utah', 'Memphis@Denver', 'Memphis@OKC', 'Memphis@Dallas', 'Memphis@San Antonio', 'Memphis@Houston']",3242.41,"[1249.01, 371.0, 504.73, 190.63, 252.72, 189.32, 485.0]",,,,,,,,,,,,,,,,,,,,,,,,,,,,,,,,,,,,,,,,,,,,,,,,,,,,,,,,,,,,,,,,,,,,,,,,,,,,,,
93,Indianapolis,"['Indianapolis@Orlando', 'Indianapolis@Boston', 'Indianapolis@Toronto', 'Indianapolis@New York', 'Indianapolis@Philedelphia', 'Indianapolis@Cleveland']",3415.1,"[823.19, 1117.04, 430.26, 342.42, 80.63, 358.48, 263.08]",,,,,,,,,,,,,,,,,,,,,,,,,,,,,,,,,,,,,,,,,,,,,,,,,,,,,,,,,,,,,,,,,,,,,,,,,,,,,,
95,Minneapolis,"['Minneapolis@Phoenix', 'Minneapolis@Utah', 'Minneapolis@Denver', 'Minneapolis@OKC', 'Minneapolis@Dallas', 'Minneapolis@San Antonio']",4218.01,"[1279.91, 505.9, 371.0, 504.73, 190.63, 252.72, 1113.12]",,,,,,,,,,,,,,,,,,,,,,,,,,,,,,,,,,,,,,,,,,,,,,,,,,,,,,,,,,,,,,,,,,,,,,,,,,,,,,
95,New York,['New York@Toronto'],684.84,"[342.42, 342.42]",,,,,,,,,,,,,,,,,,,,,,,,,,,,,,,,,,,,,,,,,,,,,,,,,,,,,,,,,,,,,,,,,,,,,,,,,,,,,,
97,Portland,"['Portland@Oakland', 'Portland@LAC', 'Portland@LAL', 'Portland@Phoenix', 'Portland@Utah', 'Portland@Denver']",3094.47,"[534.32, 343.79, 0.0, 357.23, 505.9, 371.0, 982.23]",,,,,,,,,,,,,,,,,,,,,,,,,,,,,,,,,,,,,,,,,,,,,,,,,,,,,,,,,,,,,,,,,,,,,,,,,,,,,,
97,Sacramento,"['Sacramento@Dallas', 'Sacramento@San Antonio', 'Sacramento@Houston', 'Sacramento@New Orleans', 'Sacramento@Memphis', 'Sacramento@Minneapolis', 'Sacramento@Portland']",5168.62,"[1439.59, 252.72, 189.32, 318.09, 359.58, 700.66, 1424.7, 483.96]",,,,,,,,,,,,,,,,,,,,,,,,,,,,,,,,,,,,,,,,,,,,,,,,,,,,,,,,,,,,,,,,,,,,,,,,,,,,,,
97,LAC,['LAC@Denver'],1661.56,"[830.78, 830.78]",,,,,,,,,,,,,,,,,,,,,,,,,,,,,,,,,,,,,,,,,,,,,,,,,,,,,,,,,,,,,,,,,,,,,,,,,,,,,,
97,Philedelphia,"['Philedelphia@New York', 'Philedelphia@Brooklyn']",161.26,"[80.63, 0.0, 80.63]",,,,,,,,,,,,,,,,,,,,,,,,,,,,,,,,,,,,,,,,,,,,,,,,,,,,,,,,,,,,,,,,,,,,,,,,,,,,,,
97,Chicago,['Chicago@Milwakee'],163.04,"[81.52, 81.52]",,,,,,,,,,,,,,,,,,,,,,,,,,,,,,,,,,,,,,,,,,,,,,,,,,,,,,,,,,,,,,,,,,,,,,,,,,,,,,
97,Orlando,"['Orlando@Miami', 'Orlando@Charlotte', 'Orlando@Boston', 'Orlando@Toronto', 'Orlando@New York', 'Orlando@Philedelphia', 'Orlando@Boston', 'Orlando@Toronto', 'Orlando@New York', 'Orlando@Philedelphia', 'Orlando@Brooklyn', 'Orlando@Cleveland', 'Orlando@Indianapolis', 'Orlando@Detroit']",5507.29,"[205.49, 655.87, 721.36, 430.26, 342.42, 80.63, 270.99, 430.26, 342.42, 80.63, 80.63, 404.26, 263.08, 240.36, 958.63]",,,,,,,,,,,,,,,,,,,,,,,,,,,,,,,,,,,,,,,,,,,,,,,,,,,,,,,,,,,,,,,,,,,,,,,,,,,,,,
99,Oakland,['Oakland@Phoenix'],1294.28,"[647.14, 647.14]",,,,,,,,,,,,,,,,,,,,,,,,,,,,,,,,,,,,,,,,,,,,,,,,,,,,,,,,,,,,,,,,,,,,,,,,,,,,,,
99,OKC,['OKC@New Orleans'],1154.04,"[577.02, 577.02]",,,,,,,,,,,,,,,,,,,,,,,,,,,,,,,,,,,,,,,,,,,,,,,,,,,,,,,,,,,,,,,,,,,,,,,,,,,,,,
99,Milwakee,['Milwakee@Chicago'],163.04,"[81.52, 81.52]",,,,,,,,,,,,,,,,,,,,,,,,,,,,,,,,,,,,,,,,,,,,,,,,,,,,,,,,,,,,,,,,,,,,,,,,,,,,,,
101,LAC,"['LAC@Phoenix', 'LAC@Utah', 'LAC@Denver', 'LAC@OKC', 'LAC@Dallas', 'LAC@San Antonio', 'LAC@Sacramento', 'LAC@OKC', 'LAC@Dallas', 'LAC@San Antonio', 'LAC@Houston', 'LAC@New Orleans']",7599.51,"[357.23, 505.9, 371.0, 504.73, 190.63, 252.72, 1457.62, 1337.64, 190.63, 252.72, 189.32, 318.09, 1671.28]",,,,,,,,,,,,,,,,,,,,,,,,,,,,,,,,,,,,,,,,,,,,,,,,,,,,,,,,,,,,,,,,,,,,,,,,,,,,,,
101,Denver,['Denver@Utah'],742,"[371.0, 371.0]",,,,,,,,,,,,,,,,,,,,,,,,,,,,,,,,,,,,,,,,,,,,,,,,,,,,,,,,,,,,,,,,,,,,,,,,,,,,,,
101,Dallas,['Dallas@New Orleans'],885.16,"[442.58, 442.58]",,,,,,,,,,,,,,,,,,,,,,,,,,,,,,,,,,,,,,,,,,,,,,,,,,,,,,,,,,,,,,,,,,,,,,,,,,,,,,
101,Cleveland,"['Cleveland@Brooklyn', 'Cleveland@Milwakee']",1472.35,"[404.26, 732.86, 335.23]",,,,,,,,,,,,,,,,,,,,,,,,,,,,,,,,,,,,,,,,,,,,,,,,,,,,,,,,,,,,,,,,,,,,,,,,,,,,,,
101,Miami,['Miami@Charlotte'],1311.74,"[655.87, 655.87]",,,,,,,,,,,,,,,,,,,,,,,,,,,,,,,,,,,,,,,,,,,,,,,,,,,,,,,,,,,,,,,,,,,,,,,,,,,,,,
103,LAL,['LAL@Oakland'],687.58,"[343.79, 343.79]",,,,,,,,,,,,,,,,,,,,,,,,,,,,,,,,,,,,,,,,,,,,,,,,,,,,,,,,,,,,,,,,,,,,,,,,,,,,,,
103,OKC,"['OKC@Denver', 'OKC@Phoenix']",1932.07,"[504.73, 586.2, 841.14]",,,,,,,,,,,,,,,,,,,,,,,,,,,,,,,,,,,,,,,,,,,,,,,,,,,,,,,,,,,,,,,,,,,,,,,,,,,,,,
103,Charlotte,"['Charlotte@Miami', 'Charlotte@Milwakee', 'Charlotte@Chicago', 'Charlotte@Indianapolis', 'Charlotte@Boston', 'Charlotte@Toronto', 'Charlotte@New York', 'Charlotte@Philedelphia', 'Charlotte@Brooklyn', 'Charlotte@Cleveland']",4755.52,"[655.87, 1272.18, 81.52, 165.01, 806.44, 430.26, 342.42, 80.63, 80.63, 404.26, 436.3]",,,,,,,,,,,,,,,,,,,,,,,,,,,,,,,,,,,,,,,,,,,,,,,,,,,,,,,,,,,,,,,,,,,,,,,,,,,,,,
105,Oakland,"['Oakland@LAL', 'Oakland@Utah', 'Oakland@Denver', 'Oakland@OKC', 'Oakland@Dallas', 'Oakland@San Antonio', 'Oakland@Houston']",4069.11,"[343.79, 580.29, 371.0, 504.73, 190.63, 252.72, 189.32, 1636.63]",,,,,,,,,,,,,,,,,,,,,,,,,,,,,,,,,,,,,,,,,,,,,,,,,,,,,,,,,,,,,,,,,,,,,,,,,,,,,,
105,New Orleans,"['New Orleans@Houston', 'New Orleans@Memphis']",1162.67,"[318.09, 485.0, 359.58]",,,,,,,,,,,,,,,,,,,,,,,,,,,,,,,,,,,,,,,,,,,,,,,,,,,,,,,,,,,,,,,,,,,,,,,,,,,,,,
105,Toronto,['Toronto@Chicago'],872.36,"[436.18, 436.18]",,,,,,,,,,,,,,,,,,,,,,,,,,,,,,,,,,,,,,,,,,,,,,,,,,,,,,,,,,,,,,,,,,,,,,,,,,,,,,
107,LAL,"['LAL@Houston', 'LAL@New Orleans', 'LAL@Memphis', 'LAL@Minneapolis', 'LAL@Denver', 'LAL@OKC', 'LAL@Dallas', 'LAL@San Antonio', 'LAL@Portland']",6946.09,"[1372.44, 318.09, 359.58, 700.66, 699.31, 504.73, 190.63, 252.72, 1720.59, 827.34]",,,,,,,,,,,,,,,,,,,,,,,,,,,,,,,,,,,,,,,,,,,,,,,,,,,,,,,,,,,,,,,,,,,,,,,,,,,,,,
107,San Antonio,['San Antonio@Dallas'],505.44,"[252.72, 252.72]",,,,,,,,,,,,,,,,,,,,,,,,,,,,,,,,,,,,,,,,,,,,,,,,,,,,,,,,,,,,,,,,,,,,,,,,,,,,,,
107,Milwakee,['Milwakee@New York'],1465.72,"[732.86, 732.86]",,,,,,,,,,,,,,,,,,,,,,,,,,,,,,,,,,,,,,,,,,,,,,,,,,,,,,,,,,,,,,,,,,,,,,,,,,,,,,
107,Miami,"['Miami@Boston', 'Miami@Toronto', 'Miami@New York', 'Miami@Philedelphia', 'Miami@Brooklyn', 'Miami@Cleveland']",3690.07,"[1259.9, 430.26, 342.42, 80.63, 80.63, 404.26, 1091.97]",,,,,,,,,,,,,,,,,,,,,,,,,,,,,,,,,,,,,,,,,,,,,,,,,,,,,,,,,,,,,,,,,,,,,,,,,,,,,,
109,Phoenix,"['Phoenix@Portland', 'Phoenix@Minneapolis', 'Phoenix@Denver', 'Phoenix@Utah', 'Phoenix@Denver', 'Phoenix@OKC', 'Phoenix@Dallas', 'Phoenix@San Antonio']",5668.68,"[1006.96, 1424.7, 699.31, 371.0, 371.0, 504.73, 190.63, 252.72, 847.63]",,,,,,,,,,,,,,,,,,,,,,,,,,,,,,,,,,,,,,,,,,,,,,,,,,,,,,,,,,,,,,,,,,,,,,,,,,,,,,
109,OKC,['OKC@San Antonio'],843.78,"[421.89, 421.89]",,,,,,,,,,,,,,,,,,,,,,,,,,,,,,,,,,,,,,,,,,,,,,,,,,,,,,,,,,,,,,,,,,,,,,,,,,,,,,
109,Houston,"['Houston@Utah', 'Houston@Denver', 'Houston@OKC', 'Houston@Dallas']",2491.8,"[1200.4, 371.0, 504.73, 190.63, 225.04]",,,,,,,,,,,,,,,,,,,,,,,,,,,,,,,,,,,,,,,,,,,,,,,,,,,,,,,,,,,,,,,,,,,,,,,,,,,,,,
109,Memphis,['Memphis@Minneapolis'],1401.32,"[700.66, 700.66]",,,,,,,,,,,,,,,,,,,,,,,,,,,,,,,,,,,,,,,,,,,,,,,,,,,,,,,,,,,,,,,,,,,,,,,,,,,,,,
109,Brooklyn,['Brooklyn@Philedelphia'],161.26,"[80.63, 80.63]",,,,,,,,,,,,,,,,,,,,,,,,,,,,,,,,,,,,,,,,,,,,,,,,,,,,,,,,,,,,,,,,,,,,,,,,,,,,,,
111,New Orleans,"['New Orleans@Dallas', 'New Orleans@San Antonio', 'New Orleans@Minneapolis', 'New Orleans@Memphis']",2868.66,"[442.58, 252.72, 1113.12, 700.66, 359.58]",,,,,,,,,,,,,,,,,,,,,,,,,,,,,,,,,,,,,,,,,,,,,,,,,,,,,,,,,,,,,,,,,,,,,,,,,,,,,,
111,Milwakee,"['Milwakee@Brooklyn', 'Milwakee@Boston', 'Milwakee@Indianapolis', 'Milwakee@Detroit', 'Milwakee@Washington', 'Milwakee@Atlanta', 'Milwakee@Miami']",4786.57,"[732.86, 190.42, 806.44, 240.36, 394.34, 542.9, 607.07, 1272.18]",,,,,,,,,,,,,,,,,,,,,,,,,,,,,,,,,,,,,,,,,,,,,,,,,,,,,,,,,,,,,,,,,,,,,,,,,,,,,,
113,Memphis,['Memphis@Utah'],2498.02,"[1249.01, 1249.01]",,,,,,,,,,,,,,,,,,,,,,,,,,,,,,,,,,,,,,,,,,,,,,,,,,,,,,,,,,,,,,,,,,,,,,,,,,,,,,
113,Chicago,"['Chicago@Indianapolis', 'Chicago@Detroit', 'Chicago@Washington', 'Chicago@Atlanta', 'Chicago@Miami', 'Chicago@Charlotte']",3193.71,"[165.01, 240.36, 394.34, 542.9, 607.07, 655.87, 588.16]",,,,,,,,,,,,,,,,,,,,,,,,,,,,,,,,,,,,,,,,,,,,,,,,,,,,,,,,,,,,,,,,,,,,,,,,,,,,,,
115,Portland,['Portland@Sacramento'],967.92,"[483.96, 483.96]",,,,,,,,,,,,,,,,,,,,,,,,,,,,,,,,,,,,,,,,,,,,,,,,,,,,,,,,,,,,,,,,,,,,,,,,,,,,,,
115,Boston,['Boston@Toronto'],860.52,"[430.26, 430.26]",,,,,,,,,,,,,,,,,,,,,,,,,,,,,,,,,,,,,,,,,,,,,,,,,,,,,,,,,,,,,,,,,,,,,,,,,,,,,,
117,Sacramento,"['Sacramento@Utah', 'Sacramento@Oakland']",1192.81,"[532.73, 591.72, 68.36]",,,,,,,,,,,,,,,,,,,,,,,,,,,,,,,,,,,,,,,,,,,,,,,,,,,,,,,,,,,,,,,,,,,,,,,,,,,,,,
117,San Antonio,['San Antonio@Memphis'],1265.1,"[632.55, 632.55]",,,,,,,,,,,,,,,,,,,,,,,,,,,,,,,,,,,,,,,,,,,,,,,,,,,,,,,,,,,,,,,,,,,,,,,,,,,,,,
117,Minneapolis,"['Minneapolis@Portland', 'Minneapolis@Portland', 'Minneapolis@Sacramento', 'Minneapolis@Oakland']",3552.02,"[1424.7, 0.0, 483.96, 68.36, 1575.0]",,,,,,,,,,,,,,,,,,,,,,,,,,,,,,,,,,,,,,,,,,,,,,,,,,,,,,,,,,,,,,,,,,,,,,,,,,,,,,
117,Toronto,"['Toronto@Boston', 'Toronto@Philedelphia', 'Toronto@Brooklyn', 'Toronto@Cleveland']",1376.01,"[430.26, 270.99, 80.63, 404.26, 189.87]",,,,,,,,,,,,,,,,,,,,,,,,,,,,,,,,,,,,,,,,,,,,,,,,,,,,,,,,,,,,,,,,,,,,,,,,,,,,,,
117,New York,"['New York@Indianapolis', 'New York@Detroit', 'New York@Washington', 'New York@Atlanta']",2568.71,"[644.43, 240.36, 394.34, 542.9, 746.68]",,,,,,,,,,,,,,,,,,,,,,,,,,,,,,,,,,,,,,,,,,,,,,,,,,,,,,,,,,,,,,,,,,,,,,,,,,,,,,
119,Utah,"['Utah@Denver', 'Utah@OKC', 'Utah@Dallas']",2066.36,"[371.0, 504.73, 190.63, 1000.0]",,,,,,,,,,,,,,,,,,,,,,,,,,,,,,,,,,,,,,,,,,,,,,,,,,,,,,,,,,,,,,,,,,,,,,,,,,,,,,
119,Boston,"['Boston@Indianapolis', 'Boston@Detroit', 'Boston@Washington']",1835.33,"[806.44, 240.36, 394.34, 394.19]",,,,,,,,,,,,,,,,,,,,,,,,,,,,,,,,,,,,,,,,,,,,,,,,,,,,,,,,,,,,,,,,,,,,,,,,,,,,,,
121,Denver,"['Denver@Portland', 'Denver@Sacramento']",2353.72,"[982.23, 483.96, 887.53]",,,,,,,,,,,,,,,,,,,,,,,,,,,,,,,,,,,,,,,,,,,,,,,,,,,,,,,,,,,,,,,,,,,,,,,,,,,,,,
121,Memphis,['Memphis@New Orleans'],719.16,"[359.58, 359.58]",,,,,,,,,,,,,,,,,,,,,,,,,,,,,,,,,,,,,,,,,,,,,,,,,,,,,,,,,,,,,,,,,,,,,,,,,,,,,,
123,Houston,['Houston@Memphis'],970,"[485.0, 485.0]",,,,,,,,,,,,,,,,,,,,,,,,,,,,,,,,,,,,,,,,,,,,,,,,,,,,,,,,,,,,,,,,,,,,,,,,,,,,,,
123,Brooklyn,['Brooklyn@Indianapolis'],1288.86,"[644.43, 644.43]",,,,,,,,,,,,,,,,,,,,,,,,,,,,,,,,,,,,,,,,,,,,,,,,,,,,,,,,,,,,,,,,,,,,,,,,,,,,,,
130,LAC,['LAC@Memphis'],3203.48,"[1601.74, 1601.74]",,,,,,,,,,,,,,,,,,,,,,,,,,,,,,,,,,,,,,,,,,,,,,,,,,,,,,,,,,,,,,,,,,,,,,,,,,,,,,
130,Phoenix,['Phoenix@Houston'],2030.64,"[1015.32, 1015.32]",,,,,,,,,,,,,,,,,,,,,,,,,,,,,,,,,,,,,,,,,,,,,,,,,,,,,,,,,,,,,,,,,,,,,,,,,,,,,,
130,Utah,"['Utah@San Antonio', 'Utah@Houston', 'Utah@New Orleans', 'Utah@Minneapolis', 'Utah@Portland']",4709.7,"[1088.27, 189.32, 318.09, 1053.86, 1424.7, 635.46]",,,,,,,,,,,,,,,,,,,,,,,,,,,,,,,,,,,,,,,,,,,,,,,,,,,,,,,,,,,,,,,,,,,,,,,,,,,,,,
130,Denver,"['Denver@Oakland', 'Denver@LAC', 'Denver@LAL', 'Denver@Phoenix']",2227.21,"[939.99, 343.79, 0.0, 357.23, 586.2]",,,,,,,,,,,,,,,,,,,,,,,,,,,,,,,,,,,,,,,,,,,,,,,,,,,,,,,,,,,,,,,,,,,,,,,,,,,,,,
130,OKC,"['OKC@Portland', 'OKC@Sacramento', 'OKC@Oakland', 'OKC@LAC', 'OKC@LAL', 'OKC@Phoenix']",3580.75,"[1486.27, 483.96, 68.36, 343.79, 0.0, 357.23, 841.14]",,,,,,,,,,,,,,,,,,,,,,,,,,,,,,,,,,,,,,,,,,,,,,,,,,,,,,,,,,,,,,,,,,,,,,,,,,,,,,
130,Dallas,"['Dallas@New Orleans', 'Dallas@Oakland', 'Dallas@LAC', 'Dallas@LAL', 'Dallas@Phoenix', 'Dallas@Utah', 'Dallas@Denver']",4600.4,"[442.58, 1916.58, 343.79, 0.0, 357.23, 505.9, 371.0, 663.32]",,,,,,,,,,,,,,,,,,,,,,,,,,,,,,,,,,,,,,,,,,,,,,,,,,,,,,,,,,,,,,,,,,,,,,,,,,,,,,
130,Minneapolis,['Minneapolis@LAL'],3046.24,"[1523.12, 1523.12]",,,,,,,,,,,,,,,,,,,,,,,,,,,,,,,,,,,,,,,,,,,,,,,,,,,,,,,,,,,,,,,,,,,,,,,,,,,,,,
130,Boston,"['Boston@Atlanta', 'Boston@Miami', 'Boston@Charlotte', 'Boston@Chicago']",3637.7,"[937.08, 607.07, 655.87, 588.16, 849.52]",,,,,,,,,,,,,,,,,,,,,,,,,,,,,,,,,,,,,,,,,,,,,,,,,,,,,,,,,,,,,,,,,,,,,,,,,,,,,,
130,Toronto,"['Toronto@Chicago', 'Toronto@Indianapolis', 'Toronto@Detroit', 'Toronto@Washington', 'Toronto@Atlanta', 'Toronto@Miami']",3624.27,"[436.18, 165.01, 240.36, 394.34, 542.9, 607.07, 1238.41]",,,,,,,,,,,,,,,,,,,,,,,,,,,,,,,,,,,,,,,,,,,,,,,,,,,,,,,,,,,,,,,,,,,,,,,,,,,,,,
130,New York,"['New York@Miami', 'New York@Charlotte', 'New York@Cleveland', 'New York@Milwakee', 'New York@Boston']",3567.68,"[1093.57, 655.87, 436.3, 335.23, 856.29, 190.42]",,,,,,,,,,,,,,,,,,,,,,,,,,,,,,,,,,,,,,,,,,,,,,,,,,,,,,,,,,,,,,,,,,,,,,,,,,,,,,
130,Philedelphia,"['Philedelphia@Cleveland', 'Philedelphia@Milwakee', 'Philedelphia@Chicago', 'Philedelphia@Indianapolis', 'Philedelphia@Detroit', 'Philedelphia@Washington', 'Philedelphia@New York']",1859.35,"[358.48, 335.23, 81.52, 165.01, 240.36, 394.34, 203.78, 80.63]",,,,,,,,,,,,,,,,,,,,,,,,,,,,,,,,,,,,,,,,,,,,,,,,,,,,,,,,,,,,,,,,,,,,,,,,,,,,,,
130,Milwakee,['Milwakee@Charlotte'],1318.88,"[659.44, 659.44]",,,,,,,,,,,,,,,,,,,,,,,,,,,,,,,,,,,,,,,,,,,,,,,,,,,,,,,,,,,,,,,,,,,,,,,,,,,,,,
130,Indianapolis,['Indianapolis@Detroit'],480.72,"[240.36, 240.36]",,,,,,,,,,,,,,,,,,,,,,,,,,,,,,,,,,,,,,,,,,,,,,,,,,,,,,,,,,,,,,,,,,,,,,,,,,,,,,
130,Orlando,"['Orlando@Washington', 'Orlando@Atlanta', 'Orlando@Miami', 'Orlando@Charlotte']",3028.79,"[759.22, 542.9, 607.07, 655.87, 463.73]",,,,,,,,,,,,,,,,,,,,,,,,,,,,,,,,,,,,,,,,,,,,,,,,,,,,,,,,,,,,,,,,,,,,,,,,,,,,,,
132,LAL,['LAL@Phoenix'],714.46,"[357.23, 357.23]",,,,,,,,,,,,,,,,,,,,,,,,,,,,,,,,,,,,,,,,,,,,,,,,,,,,,,,,,,,,,,,,,,,,,,,,,,,,,,
132,San Antonio,"['San Antonio@Portland', 'San Antonio@Sacramento', 'San Antonio@Oakland', 'San Antonio@LAC', 'San Antonio@LAL', 'San Antonio@Phoenix', 'San Antonio@LAC', 'San Antonio@Phoenix', 'San Antonio@Utah', 'San Antonio@Denver']",5368.43,"[1720.59, 483.96, 68.36, 343.79, 0.0, 357.23, 357.23, 357.23, 505.9, 371.0, 803.14]",,,,,,,,,,,,,,,,,,,,,,,,,,,,,,,,,,,,,,,,,,,,,,,,,,,,,,,,,,,,,,,,,,,,,,,,,,,,,,
132,Memphis,"['Memphis@New Orleans', 'Memphis@Portland', 'Memphis@Sacramento', 'Memphis@Oakland', 'Memphis@LAC', 'Memphis@Phoenix', 'Memphis@Portland', 'Memphis@Sacramento', 'Memphis@Oakland', 'Memphis@LAC', 'Memphis@LAL', 'Memphis@Phoenix']",7197.09,"[359.58, 2062.4, 483.96, 68.36, 343.79, 357.23, 1006.96, 483.96, 68.36, 343.79, 0.0, 357.23, 1261.47]",,,,,,,,,,,,,,,,,,,,,,,,,,,,,,,,,,,,,,,,,,,,,,,,,,,,,,,,,,,,,,,,,,,,,,,,,,,,,,
132,Brooklyn,"['Brooklyn@Cleveland', 'Brooklyn@Washington', 'Brooklyn@Atlanta', 'Brooklyn@Miami', 'Brooklyn@Charlotte', 'Brooklyn@Orlando', 'Brooklyn@Boston', 'Brooklyn@Toronto']",4867.93,"[404.26, 304.38, 542.9, 607.07, 655.87, 463.73, 1117.04, 430.26, 342.42]",,,,,,,,,,,,,,,,,,,,,,,,,,,,,,,,,,,,,,,,,,,,,,,,,,,,,,,,,,,,,,,,,,,,,,,,,,,,,,
132,Detroit,['Detroit@Chicago'],474.6,"[237.3, 237.3]",,,,,,,,,,,,,,,,,,,,,,,,,,,,,,,,,,,,,,,,,,,,,,,,,,,,,,,,,,,,,,,,,,,,,,,,,,,,,,
134,Houston,"['Houston@Minneapolis', 'Houston@Portland', 'Houston@Sacramento', 'Houston@Oakland', 'Houston@LAC', 'Houston@LAL', 'Houston@New Orleans', 'Houston@Dallas']",5718.54,"[1058.83, 1424.7, 483.96, 68.36, 343.79, 0.0, 1671.28, 442.58, 225.04]",,,,,,,,,,,,,,,,,,,,,,,,,,,,,,,,,,,,,,,,,,,,,,,,,,,,,,,,,,,,,,,,,,,,,,,,,,,,,,
134,Atlanta,['Atlanta@Indianapolis'],855.48,"[427.74, 427.74]",,,,,,,,,,,,,,,,,,,,,,,,,,,,,,,,,,,,,,,,,,,,,,,,,,,,,,,,,,,,,,,,,,,,,,,,,,,,,,
136,Cleveland,"['Cleveland@Miami', 'Cleveland@Charlotte', 'Cleveland@Orlando', 'Cleveland@Boston', 'Cleveland@Toronto', 'Cleveland@New York', 'Cleveland@Philedelphia']",4540.4,"[1091.97, 655.87, 463.73, 1117.04, 430.26, 342.42, 80.63, 358.48]",,,,,,,,,,,,,,,,,,,,,,,,,,,,,,,,,,,,,,,,,,,,,,,,,,,,,,,,,,,,,,,,,,,,,,,,,,,,,,
138,Minneapolis,['Minneapolis@Denver'],1398.62,"[699.31, 699.31]",,,,,,,,,,,,,,,,,,,,,,,,,,,,,,,,,,,,,,,,,,,,,,,,,,,,,,,,,,,,,,,,,,,,,,,,,,,,,,
138,Milwakee,"['Milwakee@Indianapolis', 'Milwakee@Detroit', 'Milwakee@Washington', 'Milwakee@Atlanta', 'Milwakee@Miami', 'Milwakee@Charlotte', 'Milwakee@Toronto', 'Milwakee@New York', 'Milwakee@Philedelphia', 'Milwakee@Cleveland']",4389.03,"[243.72, 240.36, 394.34, 542.9, 607.07, 655.87, 588.01, 342.42, 80.63, 358.48, 335.23]",,,,,,,,,,,,,,,,,,,,,,,,,,,,,,,,,,,,,,,,,,,,,,,,,,,,,,,,,,,,,,,,,,,,,,,,,,,,,,
138,Washington,['Washington@Chicago'],1188.38,"[594.19, 594.19]",,,,,,,,,,,,,,,,,,,,,,,,,,,,,,,,,,,,,,,,,,,,,,,,,,,,,,,,,,,,,,,,,,,,,,,,,,,,,,
140,Portland,['Portland@Minneapolis'],2849.4,"[1424.7, 1424.7]",,,,,,,,,,,,,,,,,,,,,,,,,,,,,,,,,,,,,,,,,,,,,,,,,,,,,,,,,,,,,,,,,,,,,,,,,,,,,,
140,Sacramento,"['Sacramento@Denver', 'Sacramento@OKC', 'Sacramento@Dallas']",3022.48,"[887.53, 504.73, 190.63, 1439.59]",,,,,,,,,,,,,,,,,,,,,,,,,,,,,,,,,,,,,,,,,,,,,,,,,,,,,,,,,,,,,,,,,,,,,,,,,,,,,,
140,Chicago,"['Chicago@Boston', 'Chicago@Toronto', 'Chicago@New York', 'Chicago@Philedelphia', 'Chicago@Brooklyn', 'Chicago@Cleveland', 'Chicago@Toronto', 'Chicago@New York', 'Chicago@Philedelphia', 'Chicago@Brooklyn', 'Chicago@Cleveland', 'Chicago@Milwakee', 'Chicago@Orlando']",5674.96,"[849.52, 430.26, 342.42, 80.63, 80.63, 404.26, 189.87, 342.42, 80.63, 80.63, 404.26, 335.23, 1066.9, 987.3]",,,,,,,,,,,,,,,,,,,,,,,,,,,,,,,,,,,,,,,,,,,,,,,,,,,,,,,,,,,,,,,,,,,,,,,,,,,,,,
140,Indianapolis,"['Indianapolis@Atlanta', 'Indianapolis@Detroit', 'Indianapolis@Washington', 'Indianapolis@Atlanta', 'Indianapolis@Miami']",3598.63,"[427.74, 598.12, 394.34, 542.9, 607.07, 1028.46]",,,,,,,,,,,,,,,,,,,,,,,,,,,,,,,,,,,,,,,,,,,,,,,,,,,,,,,,,,,,,,,,,,,,,,,,,,,,,,
142,Oakland,"['Oakland@Portland', 'Oakland@Portland']",1068.64,"[534.32, 0.0, 534.32]",,,,,,,,,,,,,,,,,,,,,,,,,,,,,,,,,,,,,,,,,,,,,,,,,,,,,,,,,,,,,,,,,,,,,,,,,,,,,,
142,New Orleans,"['New Orleans@Minneapolis', 'New Orleans@Denver']",2834.86,"[1053.86, 699.31, 1081.69]",,,,,,,,,,,,,,,,,,,,,,,,,,,,,,,,,,,,,,,,,,,,,,,,,,,,,,,,,,,,,,,,,,,,,,,,,,,,,,
142,Atlanta,['Atlanta@Miami'],1214.14,"[607.07, 607.07]",,,,,,,,,,,,,,,,,,,,,,,,,,,,,,,,,,,,,,,,,,,,,,,,,,,,,,,,,,,,,,,,,,,,,,,,,,,,,,
144,OKC,"['OKC@Minneapolis', 'OKC@Dallas']",1750.34,"[694.82, 864.89, 190.63]",,,,,,,,,,,,,,,,,,,,,,,,,,,,,,,,,,,,,,,,,,,,,,,,,,,,,,,,,,,,,,,,,,,,,,,,,,,,,,
144,Detroit,"['Detroit@Miami', 'Detroit@Orlando', 'Detroit@Atlanta', 'Detroit@Indianapolis', 'Detroit@Orlando']",3974.59,"[1157.56, 205.49, 401.98, 427.74, 823.19, 958.63]",,,,,,,,,,,,,,,,,,,,,,,,,,,,,,,,,,,,,,,,,,,,,,,,,,,,,,,,,,,,,,,,,,,,,,,,,,,,,,
144,Charlotte,['Charlotte@Orlando'],927.46,"[463.73, 463.73]",,,,,,,,,,,,,,,,,,,,,,,,,,,,,,,,,,,,,,,,,,,,,,,,,,,,,,,,,,,,,,,,,,,,,,,,,,,,,,
146,LAC,"['LAC@Oakland', 'LAC@LAL']",687.58,"[343.79, 343.79, 0.0]",,,,,,,,,,,,,,,,,,,,,,,,,,,,,,,,,,,,,,,,,,,,,,,,,,,,,,,,,,,,,,,,,,,,,,,,,,,,,,
146,LAL,['LAL@Utah'],1160.58,"[580.29, 580.29]",,,,,,,,,,,,,,,,,,,,,,,,,,,,,,,,,,,,,,,,,,,,,,,,,,,,,,,,,,,,,,,,,,,,,,,,,,,,,,
146,Minneapolis,"['Minneapolis@Sacramento', 'Minneapolis@Oakland', 'Minneapolis@LAC', 'Minneapolis@LAL', 'Minneapolis@Phoenix', 'Minneapolis@Utah']",3774.03,"[1513.04, 68.36, 343.79, 0.0, 357.23, 505.9, 985.71]",,,,,,,,,,,,,,,,,,,,,,,,,,,,,,,,,,,,,,,,,,,,,,,,,,,,,,,,,,,,,,,,,,,,,,,,,,,,,,
146,Washington,"['Washington@Charlotte', 'Washington@Miami', 'Washington@Charlotte', 'Washington@Detroit']",2541.57,"[329.98, 655.87, 655.87, 505.51, 394.34]",,,,,,,,,,,,,,,,,,,,,,,,,,,,,,,,,,,,,,,,,,,,,,,,,,,,,,,,,,,,,,,,,,,,,,,,,,,,,,
148,Portland,"['Portland@OKC', 'Portland@Dallas', 'Portland@San Antonio', 'Portland@Houston', 'Portland@New Orleans', 'Portland@Memphis']",4644.51,"[1486.27, 190.63, 252.72, 189.32, 318.09, 359.58, 1847.9]",,,,,,,,,,,,,,,,,,,,,,,,,,,,,,,,,,,,,,,,,,,,,,,,,,,,,,,,,,,,,,,,,,,,,,,,,,,,,,
148,New Orleans,"['New Orleans@Phoenix', 'New Orleans@Utah', 'New Orleans@Denver', 'New Orleans@OKC']",3273.32,"[1314.67, 505.9, 371.0, 504.73, 577.02]",,,,,,,,,,,,,,,,,,,,,,,,,,,,,,,,,,,,,,,,,,,,,,,,,,,,,,,,,,,,,,,,,,,,,,,,,,,,,,
148,Boston,['Boston@Orlando'],2234.08,"[1117.04, 1117.04]",,,,,,,,,,,,,,,,,,,,,,,,,,,,,,,,,,,,,,,,,,,,,,,,,,,,,,,,,,,,,,,,,,,,,,,,,,,,,,
148,Toronto,['Toronto@New York'],684.84,"[342.42, 342.42]",,,,,,,,,,,,,,,,,,,,,,,,,,,,,,,,,,,,,,,,,,,,,,,,,,,,,,,,,,,,,,,,,,,,,,,,,,,,,,
150,Sacramento,['Sacramento@Phoenix'],1269.92,"[634.96, 634.96]",,,,,,,,,,,,,,,,,,,,,,,,,,,,,,,,,,,,,,,,,,,,,,,,,,,,,,,,,,,,,,,,,,,,,,,,,,,,,,
150,OKC,"['OKC@Houston', 'OKC@Houston']",828.14,"[414.07, 0.0, 414.07]",,,,,,,,,,,,,,,,,,,,,,,,,,,,,,,,,,,,,,,,,,,,,,,,,,,,,,,,,,,,,,,,,,,,,,,,,,,,,,
150,New York,['New York@Orlando'],1880,"[940.0, 940.0]",,,,,,,,,,,,,,,,,,,,,,,,,,,,,,,,,,,,,,,,,,,,,,,,,,,,,,,,,,,,,,,,,,,,,,,,,,,,,,
150,Philedelphia,"['Philedelphia@Boston', 'Philedelphia@Brooklyn']",542.04,"[270.99, 190.42, 80.63]",,,,,,,,,,,,,,,,,,,,,,,,,,,,,,,,,,,,,,,,,,,,,,,,,,,,,,,,,,,,,,,,,,,,,,,,,,,,,,
150,Atlanta,['Atlanta@Charlotte'],452.94,"[226.47, 226.47]",,,,,,,,,,,,,,,,,,,,,,,,,,,,,,,,,,,,,,,,,,,,,,,,,,,,,,,,,,,,,,,,,,,,,,,,,,,,,,
152,Phoenix,['Phoenix@Oakland'],1294.28,"[647.14, 647.14]",,,,,,,,,,,,,,,,,,,,,,,,,,,,,,,,,,,,,,,,,,,,,,,,,,,,,,,,,,,,,,,,,,,,,,,,,,,,,,
152,Utah,['Utah@Sacramento'],1065.46,"[532.73, 532.73]",,,,,,,,,,,,,,,,,,,,,,,,,,,,,,,,,,,,,,,,,,,,,,,,,,,,,,,,,,,,,,,,,,,,,,,,,,,,,,
152,Indianapolis,"['Indianapolis@Boston', 'Indianapolis@Toronto', 'Indianapolis@New York', 'Indianapolis@Philedelphia', 'Indianapolis@Brooklyn', 'Indianapolis@Cleveland']",2407.72,"[806.44, 430.26, 342.42, 80.63, 80.63, 404.26, 263.08]",,,,,,,,,,,,,,,,,,,,,,,,,,,,,,,,,,,,,,,,,,,,,,,,,,,,,,,,,,,,,,,,,,,,,,,,,,,,,,
152,Miami,"['Miami@Atlanta', 'Miami@Charlotte', 'Miami@Orlando', 'Miami@Boston', 'Miami@Toronto', 'Miami@New York', 'Miami@Milwakee', 'Miami@Chicago', 'Miami@Indianapolis', 'Miami@Detroit', 'Miami@Washington', 'Miami@Atlanta']",5951.05,"[607.07, 226.47, 463.73, 1117.04, 430.26, 342.42, 732.86, 81.52, 165.01, 240.36, 394.34, 542.9, 607.07]",,,,,,,,,,,,,,,,,,,,,,,,,,,,,,,,,,,,,,,,,,,,,,,,,,,,,,,,,,,,,,,,,,,,,,,,,,,,,,
154,Oakland,"['Oakland@Sacramento', 'Oakland@LAC', 'Oakland@LAL', 'Oakland@Phoenix', 'Oakland@Utah', 'Oakland@Denver', 'Oakland@Minneapolis']",3938.65,"[68.36, 361.85, 0.0, 357.23, 505.9, 371.0, 699.31, 1575.0]",,,,,,,,,,,,,,,,,,,,,,,,,,,,,,,,,,,,,,,,,,,,,,,,,,,,,,,,,,,,,,,,,,,,,,,,,,,,,,
154,Denver,"['Denver@Utah', 'Denver@San Antonio', 'Denver@Houston', 'Denver@New Orleans']",3048.37,"[371.0, 1088.27, 189.32, 318.09, 1081.69]",,,,,,,,,,,,,,,,,,,,,,,,,,,,,,,,,,,,,,,,,,,,,,,,,,,,,,,,,,,,,,,,,,,,,,,,,,,,,,
154,Dallas,"['Dallas@San Antonio', 'Dallas@OKC']",865.24,"[252.72, 421.89, 190.63]",,,,,,,,,,,,,,,,,,,,,,,,,,,,,,,,,,,,,,,,,,,,,,,,,,,,,,,,,,,,,,,,,,,,,,,,,,,,,,
154,Cleveland,['Cleveland@Boston'],1100.34,"[550.17, 550.17]",,,,,,,,,,,,,,,,,,,,,,,,,,,,,,,,,,,,,,,,,,,,,,,,,,,,,,,,,,,,,,,,,,,,,,,,,,,,,,
154,Atlanta,"['Atlanta@Orlando', 'Atlanta@Washington', 'Atlanta@Orlando', 'Atlanta@Boston']",3974.54,"[401.98, 759.22, 759.22, 1117.04, 937.08]",,,,,,,,,,,,,,,,,,,,,,,,,,,,,,,,,,,,,,,,,,,,,,,,,,,,,,,,,,,,,,,,,,,,,,,,,,,,,,
156,Sacramento,"['Sacramento@Houston', 'Sacramento@New Orleans', 'Sacramento@Memphis', 'Sacramento@Minneapolis']",4499.07,"[1607.7, 318.09, 359.58, 700.66, 1513.04]",,,,,,,,,,,,,,,,,,,,,,,,,,,,,,,,,,,,,,,,,,,,,,,,,,,,,,,,,,,,,,,,,,,,,,,,,,,,,,
156,Brooklyn,['Brooklyn@Toronto'],684.84,"[342.42, 342.42]",,,,,,,,,,,,,,,,,,,,,,,,,,,,,,,,,,,,,,,,,,,,,,,,,,,,,,,,,,,,,,,,,,,,,,,,,,,,,,
156,Detroit,['Detroit@Charlotte'],1011.02,"[505.51, 505.51]",,,,,,,,,,,,,,,,,,,,,,,,,,,,,,,,,,,,,,,,,,,,,,,,,,,,,,,,,,,,,,,,,,,,,,,,,,,,,,
158,LAC,"['LAC@Minneapolis', 'LAC@LAL']",3046.24,"[1523.12, 1523.12, 0.0]",,,,,,,,,,,,,,,,,,,,,,,,,,,,,,,,,,,,,,,,,,,,,,,,,,,,,,,,,,,,,,,,,,,,,,,,,,,,,,
158,OKC,['OKC@Dallas'],381.26,"[190.63, 190.63]",,,,,,,,,,,,,,,,,,,,,,,,,,,,,,,,,,,,,,,,,,,,,,,,,,,,,,,,,,,,,,,,,,,,,,,,,,,,,,
158,Toronto,['Toronto@New York'],684.84,"[342.42, 342.42]",,,,,,,,,,,,,,,,,,,,,,,,,,,,,,,,,,,,,,,,,,,,,,,,,,,,,,,,,,,,,,,,,,,,,,,,,,,,,,
158,Cleveland,['Cleveland@Milwakee'],670.46,"[335.23, 335.23]",,,,,,,,,,,,,,,,,,,,,,,,,,,,,,,,,,,,,,,,,,,,,,,,,,,,,,,,,,,,,,,,,,,,,,,,,,,,,,
158,Charlotte,"['Charlotte@Washington', 'Charlotte@Detroit', 'Charlotte@Washington', 'Charlotte@Atlanta', 'Charlotte@Detroit', 'Charlotte@Milwakee']",3171.03,"[329.98, 394.34, 394.34, 542.9, 598.12, 251.91, 659.44]",,,,,,,,,,,,,,,,,,,,,,,,,,,,,,,,,,,,,,,,,,,,,,,,,,,,,,,,,,,,,,,,,,,,,,,,,,,,,,
160,Dallas,"['Dallas@OKC', 'Dallas@Portland', 'Dallas@Memphis']",3945.17,"[190.63, 1486.27, 1847.9, 420.37]",,,,,,,,,,,,,,,,,,,,,,,,,,,,,,,,,,,,,,,,,,,,,,,,,,,,,,,,,,,,,,,,,,,,,,,,,,,,,,
160,San Antonio,"['San Antonio@Utah', 'San Antonio@Denver', 'San Antonio@OKC', 'San Antonio@Dallas', 'San Antonio@Houston']",2568.99,"[1088.27, 371.0, 504.73, 190.63, 225.04, 189.32]",,,,,,,,,,,,,,,,,,,,,,,,,,,,,,,,,,,,,,,,,,,,,,,,,,,,,,,,,,,,,,,,,,,,,,,,,,,,,,
160,Houston,"['Houston@Minneapolis', 'Houston@Memphis']",2244.49,"[1058.83, 700.66, 485.0]",,,,,,,,,,,,,,,,,,,,,,,,,,,,,,,,,,,,,,,,,,,,,,,,,,,,,,,,,,,,,,,,,,,,,,,,,,,,,,
160,New York,['New York@Philedelphia'],161.26,"[80.63, 80.63]",,,,,,,,,,,,,,,,,,,,,,,,,,,,,,,,,,,,,,,,,,,,,,,,,,,,,,,,,,,,,,,,,,,,,,,,,,,,,,
160,Washington,['Washington@Orlando'],1518.44,"[759.22, 759.22]",,,,,,,,,,,,,,,,,,,,,,,,,,,,,,,,,,,,,,,,,,,,,,,,,,,,,,,,,,,,,,,,,,,,,,,,,,,,,,
162,LAL,"['LAL@Phoenix', 'LAL@Sacramento', 'LAL@LAC', 'LAL@Sacramento', 'LAL@Oakland']",2128.04,"[357.23, 634.96, 361.85, 361.85, 68.36, 343.79]",,,,,,,,,,,,,,,,,,,,,,,,,,,,,,,,,,,,,,,,,,,,,,,,,,,,,,,,,,,,,,,,,,,,,,,,,,,,,,
162,OKC,['OKC@New Orleans'],1154.04,"[577.02, 577.02]",,,,,,,,,,,,,,,,,,,,,,,,,,,,,,,,,,,,,,,,,,,,,,,,,,,,,,,,,,,,,,,,,,,,,,,,,,,,,,
162,Boston,"['Boston@Toronto', 'Boston@New York', 'Boston@Philedelphia', 'Boston@Brooklyn', 'Boston@Cleveland', 'Boston@Milwakee']",2529.72,"[430.26, 342.42, 80.63, 80.63, 404.26, 335.23, 856.29]",,,,,,,,,,,,,,,,,,,,,,,,,,,,,,,,,,,,,,,,,,,,,,,,,,,,,,,,,,,,,,,,,,,,,,,,,,,,,,
162,Brooklyn,['Brooklyn@Philedelphia'],161.26,"[80.63, 80.63]",,,,,,,,,,,,,,,,,,,,,,,,,,,,,,,,,,,,,,,,,,,,,,,,,,,,,,,,,,,,,,,,,,,,,,,,,,,,,,
162,Detroit,['Detroit@Atlanta'],1196.24,"[598.12, 598.12]",,,,,,,,,,,,,,,,,,,,,,,,,,,,,,,,,,,,,,,,,,,,,,,,,,,,,,,,,,,,,,,,,,,,,,,,,,,,,,
164,Phoenix,"['Phoenix@Portland', 'Phoenix@Sacramento', 'Phoenix@Oakland', 'Phoenix@LAC', 'Phoenix@LAL', 'Phoenix@Utah', 'Phoenix@Sacramento']",3651.05,"[1006.96, 483.96, 68.36, 343.79, 0.0, 580.29, 532.73, 634.96]",,,,,,,,,,,,,,,,,,,,,,,,,,,,,,,,,,,,,,,,,,,,,,,,,,,,,,,,,,,,,,,,,,,,,,,,,,,,,,
164,Utah,"['Utah@Houston', 'Utah@New Orleans', 'Utah@Memphis', 'Utah@Minneapolis', 'Utah@Memphis']",4528.4,"[1200.4, 318.09, 359.58, 700.66, 700.66, 1249.01]",,,,,,,,,,,,,,,,,,,,,,,,,,,,,,,,,,,,,,,,,,,,,,,,,,,,,,,,,,,,,,,,,,,,,,,,,,,,,,
164,Minneapolis,['Minneapolis@New Orleans'],2107.72,"[1053.86, 1053.86]",,,,,,,,,,,,,,,,,,,,,,,,,,,,,,,,,,,,,,,,,,,,,,,,,,,,,,,,,,,,,,,,,,,,,,,,,,,,,,
164,Toronto,"['Toronto@Philedelphia', 'Toronto@Brooklyn', 'Toronto@Cleveland']",1010.56,"[335.8, 80.63, 404.26, 189.87]",,,,,,,,,,,,,,,,,,,,,,,,,,,,,,,,,,,,,,,,,,,,,,,,,,,,,,,,,,,,,,,,,,,,,,,,,,,,,,
164,Cleveland,['Cleveland@Brooklyn'],808.52,"[404.26, 404.26]",,,,,,,,,,,,,,,,,,,,,,,,,,,,,,,,,,,,,,,,,,,,,,,,,,,,,,,,,,,,,,,,,,,,,,,,,,,,,,
164,Washington,['Washington@Indianapolis'],982.74,"[491.37, 491.37]",,,,,,,,,,,,,,,,,,,,,,,,,,,,,,,,,,,,,,,,,,,,,,,,,,,,,,,,,,,,,,,,,,,,,,,,,,,,,,
166,Portland,"['Portland@Memphis', 'Portland@Minneapolis', 'Portland@Sacramento', 'Portland@Oakland', 'Portland@LAC', 'Portland@LAL']",5301.09,"[1847.9, 700.66, 1513.04, 68.36, 343.79, 0.0, 827.34]",,,,,,,,,,,,,,,,,,,,,,,,,,,,,,,,,,,,,,,,,,,,,,,,,,,,,,,,,,,,,,,,,,,,,,,,,,,,,,
166,Denver,"['Denver@OKC', 'Denver@Dallas', 'Denver@San Antonio', 'Denver@Houston', 'Denver@New Orleans', 'Denver@Memphis']",2693.51,"[504.73, 190.63, 252.72, 189.32, 318.09, 359.58, 878.44]",,,,,,,,,,,,,,,,,,,,,,,,,,,,,,,,,,,,,,,,,,,,,,,,,,,,,,,,,,,,,,,,,,,,,,,,,,,,,,
166,New York,['New York@Cleveland'],808.52,"[404.26, 404.26]",,,,,,,,,,,,,,,,,,,,,,,,,,,,,,,,,,,,,,,,,,,,,,,,,,,,,,,,,,,,,,,,,,,,,,,,,,,,,,
166,Indianapolis,['Indianapolis@Washington'],982.74,"[491.37, 491.37]",,,,,,,,,,,,,,,,,,,,,,,,,,,,,,,,,,,,,,,,,,,,,,,,,,,,,,,,,,,,,,,,,,,,,,,,,,,,,,
166,Atlanta,['Atlanta@Detroit'],1196.24,"[598.12, 598.12]",,,,,,,,,,,,,,,,,,,,,,,,,,,,,,,,,,,,,,,,,,,,,,,,,,,,,,,,,,,,,,,,,,,,,,,,,,,,,,
166,Orlando,"['Orlando@Milwakee', 'Orlando@Chicago', 'Orlando@Indianapolis', 'Orlando@Detroit', 'Orlando@Washington', 'Orlando@Atlanta']",2893.01,"[1066.9, 81.52, 165.01, 240.36, 394.34, 542.9, 401.98]",,,,,,,,,,,,,,,,,,,,,,,,,,,,,,,,,,,,,,,,,,,,,,,,,,,,,,,,,,,,,,,,,,,,,,,,,,,,,,
168,New Orleans,['New Orleans@OKC'],1154.04,"[577.02, 577.02]",,,,,,,,,,,,,,,,,,,,,,,,,,,,,,,,,,,,,,,,,,,,,,,,,,,,,,,,,,,,,,,,,,,,,,,,,,,,,,
168,Philedelphia,"['Philedelphia@Milwakee', 'Philedelphia@Chicago', 'Philedelphia@Indianapolis', 'Philedelphia@Detroit', 'Philedelphia@Boston']",2063.14,"[692.95, 81.52, 165.01, 240.36, 612.31, 270.99]",,,,,,,,,,,,,,,,,,,,,,,,,,,,,,,,,,,,,,,,,,,,,,,,,,,,,,,,,,,,,,,,,,,,,,,,,,,,,,
168,Washington,['Washington@Atlanta'],1085.8,"[542.9, 542.9]",,,,,,,,,,,,,,,,,,,,,,,,,,,,,,,,,,,,,,,,,,,,,,,,,,,,,,,,,,,,,,,,,,,,,,,,,,,,,,
170,Dallas,['Dallas@Memphis'],840.74,"[420.37, 420.37]",,,,,,,,,,,,,,,,,,,,,,,,,,,,,,,,,,,,,,,,,,,,,,,,,,,,,,,,,,,,,,,,,,,,,,,,,,,,,,
170,Houston,['Houston@New Orleans'],636.18,"[318.09, 318.09]",,,,,,,,,,,,,,,,,,,,,,,,,,,,,,,,,,,,,,,,,,,,,,,,,,,,,,,,,,,,,,,,,,,,,,,,,,,,,,
170,Brooklyn,"['Brooklyn@New York', 'Brooklyn@Chicago']",1423.66,"[0.0, 711.83, 711.83]",,,,,,,,,,,,,,,,,,,,,,,,,,,,,,,,,,,,,,,,,,,,,,,,,,,,,,,,,,,,,,,,,,,,,,,,,,,,,,
170,Atlanta,['Atlanta@Washington'],1085.8,"[542.9, 542.9]",,,,,,,,,,,,,,,,,,,,,,,,,,,,,,,,,,,,,,,,,,,,,,,,,,,,,,,,,,,,,,,,,,,,,,,,,,,,,,
172,Sacramento,"['Sacramento@LAC', 'Sacramento@Oakland']",774,"[361.85, 343.79, 68.36]",,,,,,,,,,,,,,,,,,,,,,,,,,,,,,,,,,,,,,,,,,,,,,,,,,,,,,,,,,,,,,,,,,,,,,,,,,,,,,
172,OKC,"['OKC@San Antonio', 'OKC@Utah']",2372.47,"[421.89, 1088.27, 862.31]",,,,,,,,,,,,,,,,,,,,,,,,,,,,,,,,,,,,,,,,,,,,,,,,,,,,,,,,,,,,,,,,,,,,,,,,,,,,,,
172,New Orleans,['New Orleans@Dallas'],885.16,"[442.58, 442.58]",,,,,,,,,,,,,,,,,,,,,,,,,,,,,,,,,,,,,,,,,,,,,,,,,,,,,,,,,,,,,,,,,,,,,,,,,,,,,,
172,New York,"['New York@Charlotte', 'New York@Brooklyn']",1063.24,"[531.62, 531.62, 0.0]",,,,,,,,,,,,,,,,,,,,,,,,,,,,,,,,,,,,,,,,,,,,,,,,,,,,,,,,,,,,,,,,,,,,,,,,,,,,,,
172,Cleveland,['Cleveland@Toronto'],379.74,"[189.87, 189.87]",,,,,,,,,,,,,,,,,,,,,,,,,,,,,,,,,,,,,,,,,,,,,,,,,,,,,,,,,,,,,,,,,,,,,,,,,,,,,,
174,Dallas,"['Dallas@Houston', 'Dallas@Minneapolis']",2148.76,"[225.04, 1058.83, 864.89]",,,,,,,,,,,,,,,,,,,,,,,,,,,,,,,,,,,,,,,,,,,,,,,,,,,,,,,,,,,,,,,,,,,,,,,,,,,,,,
174,San Antonio,['San Antonio@LAL'],2405.86,"[1202.93, 1202.93]",,,,,,,,,,,,,,,,,,,,,,,,,,,,,,,,,,,,,,,,,,,,,,,,,,,,,,,,,,,,,,,,,,,,,,,,,,,,,,
174,Minneapolis,['Minneapolis@Memphis'],1401.32,"[700.66, 700.66]",,,,,,,,,,,,,,,,,,,,,,,,,,,,,,,,,,,,,,,,,,,,,,,,,,,,,,,,,,,,,,,,,,,,,,,,,,,,,,
174,Toronto,"['Toronto@Boston', 'Toronto@Milwakee']",1717.2,"[430.26, 856.29, 430.65]",,,,,,,,,,,,,,,,,,,,,,,,,,,,,,,,,,,,,,,,,,,,,,,,,,,,,,,,,,,,,,,,,,,,,,,,,,,,,,
174,Milwakee,['Milwakee@Cleveland'],670.46,"[335.23, 335.23]",,,,,,,,,,,,,,,,,,,,,,,,,,,,,,,,,,,,,,,,,,,,,,,,,,,,,,,,,,,,,,,,,,,,,,,,,,,,,,
174,Indianapolis,['Indianapolis@Charlotte'],856.98,"[428.49, 428.49]",,,,,,,,,,,,,,,,,,,,,,,,,,,,,,,,,,,,,,,,,,,,,,,,,,,,,,,,,,,,,,,,,,,,,,,,,,,,,,
176,LAC,['LAC@Oakland'],687.58,"[343.79, 343.79]",,,,,,,,,,,,,,,,,,,,,,,,,,,,,,,,,,,,,,,,,,,,,,,,,,,,,,,,,,,,,,,,,,,,,,,,,,,,,,
176,New Orleans,['New Orleans@Houston'],636.18,"[318.09, 318.09]",,,,,,,,,,,,,,,,,,,,,,,,,,,,,,,,,,,,,,,,,,,,,,,,,,,,,,,,,,,,,,,,,,,,,,,,,,,,,,
176,Brooklyn,['Brooklyn@New York'],0,"[0.0, 0.0]",,,,,,,,,,,,,,,,,,,,,,,,,,,,,,,,,,,,,,,,,,,,,,,,,,,,,,,,,,,,,,,,,,,,,,,,,,,,,,
176,Cleveland,['Cleveland@Chicago'],615.3,"[307.65, 307.65]",,,,,,,,,,,,,,,,,,,,,,,,,,,,,,,,,,,,,,,,,,,,,,,,,,,,,,,,,,,,,,,,,,,,,,,,,,,,,,
176,Washington,['Washington@Indianapolis'],982.74,"[491.37, 491.37]",,,,,,,,,,,,,,,,,,,,,,,,,,,,,,,,,,,,,,,,,,,,,,,,,,,,,,,,,,,,,,,,,,,,,,,,,,,,,,
176,Charlotte,['Charlotte@Miami'],1311.74,"[655.87, 655.87]",,,,,,,,,,,,,,,,,,,,,,,,,,,,,,,,,,,,,,,,,,,,,,,,,,,,,,,,,,,,,,,,,,,,,,,,,,,,,,
